File Name,Date,vFuture3,vFuture7,vFuture15
A_ArchrockInc_ArchrockPartnersLP.pdf,1/2/2018,3.79412068,3.5814948939999995,3.660373807
A_CommercialMetalsCo_USRebarAssetsFromGerdau.pdf,1/2/2018,3.580001386,3.637151109,3.690224456
M_DominionEnergyInc_SCANACorp.pdf,1/3/2018,3.928630628,4.241607204,4.400963489
A_Noble EnergyIncsInterestInCONEMidstreamPartnersLP_CNXResourcesCorpCa.pdf,1/4/2018,4.03166051,3.875422794,4.011112002
A_VIPPetcare_PetIQInc.pdf,1/8/2018,4.612112336,4.05103919,3.912327755
A_AssurantInc_TheWarrantyGroup.pdf,1/9/2018,4.709506453,4.623268355,4.58159697
A_AppliedIndustrialTechnologiesInc_FCXPerformanceInc.pdf,1/9/2018,4.109885983,4.382586249,4.373810693
A_CHSInc_ParPacificHoldingsInc.pdf,1/10/2018,4.131641069,3.8757066260000004,3.929199663
A_SS&CTechnologiesHoldingsInc_DSTSystems.pdf,1/11/2018,3.4596121230000003,3.786083625,3.991858375
A_LincolnNationalCorp_LibertyLifeAssuranceCompanyOfBoston.pdf,1/19/2018,5.546532109,4.572666592,3.6599169810000003
A_AmericanInternationalGroupInc_ValidusHoldingsLtd.pdf,1/22/2018,4.175724364,4.2091533530000005,3.923041035
A_GenasysHoldingSL_LRADCorporation.pdf,1/22/2018,3.755090791,3.927170087,3.71889502
M_SkylineCorp_ChampionEnterprisesHoldingsLLC.pdf,1/25/2018,2.7630783739999996,2.96612669,3.1830376160000005
M_DrPepperSnappleGroupInc_KeurigGreenMountain.pdf,1/29/2018,2.370951214,2.60276045,2.904227811
A_VarianMedicalSystemsInc_Sirtex.pdf,1/30/2018,4.929058933,4.25564497,4.00490213
A_SeattleGeneticsInc_CascadianTherapeutics.pdf,1/31/2018,2.986004103,3.2360421319999997,3.426275622
A_OnAssignmentInc_ECSFederalLLC.pdf,1/31/2018,2.880367557,3.119555169,3.4380693910000004
A_HigmanMarineServicesInc_KirbyCorporation.pdf,2/5/2018,3.6494968439999997,3.8632023839999996,4.136727578
A_LogMeInInc_JiveCommunicationsInc.pdf,2/8/2018,4.561015281,3.2834912739999997,3.547502342
A_GeneralDynamicsCorp_CSRAInc.pdf,2/12/2018,4.0142688380000004,4.088236606000001,4.181848264
A_PacificPremierBancorpInc_GrandpointCapitalInc.pdf,2/12/2018,4.079228523,4.08107134,4.121691571
M_NationstarMortgageHoldingsInc_WMIHCorp.pdf,2/13/2018,3.9631855380000003,4.17686152,4.347548445
A_LayneChristensenCompany_GraniteConstructionInc.pdf,2/14/2018,3.140982185,3.464294244,3.7259027860000002
A_Cars.comInc_DealerInspireAndLaunchDigitalMarketing.pdf,2/14/2018,5.146970221,4.901288266,3.872402193
A_HilltopHoldingsInc_TheBankOfRiverOaks.pdf,2/14/2018,4.194380774,4.203964133,4.2080910860000005
A_ASchulmanInc_LyondellBasellIndustriesNV.pdf,2/15/2018,4.69719097,4.542558535,4.463431681
A_FasterSpA_SunHydraulicsCorporation.pdf,2/20/2018,3.940435517,3.491056485,3.71291195
A_GeneralMillsInc_BlueBuffaloPetProductsInc.pdf,2/23/2018,4.373644697,4.187157216,4.339248212
A_IntermedixHoldingsInc_R1RCMInc.pdf,2/26/2018,2.395093493,2.691606623,2.9291329289999997
M_CVBFinancialCorp_CommunityBank.pdf,2/27/2018,4.328971879,4.289790317,4.457821938
A_CreeInc_InfineonTechnologiesAGRFPowerBusiness.pdf,3/6/2018,3.106323582,3.38356361,3.499429037
A_InovalonHoldingsInc_ABILITYNetworkInc.pdf,3/7/2018,3.364475025,3.513209667,3.4931486730000003
A_S&PGlobalInc_Kensho.pdf,3/7/2018,4.774280382,4.62449669,4.217023456000001
A_CignaCorp_ExpressScripts.pdf,3/8/2018,3.082414883,3.228443366,3.457008815
M_DanaInc_GKNDriveline.pdf,3/9/2018,3.6039413239999996,3.850195975,3.593708734
A_HeritageFinancialCorporation_PremierCommercialBancorp.pdf,3/9/2018,4.082051982,4.346572868,3.881452377
A_BlueLinxHoldingsInc_CedarCreek.pdf,3/12/2018,1.158179679,1.351261195,1.625143704
A_LumentumHoldingsInc_OclaroInc.pdf,3/12/2018,3.646202858,3.86605066,3.6826547489999997
A_OrthofixInternationalNV_SpinalKineticsInc.pdf,3/15/2018,5.494928452000001,4.829967234,4.249546044
A_OrbotechLtd_KLATencorCorporation.pdf,3/19/2018,3.6867896119999997,3.431747492,3.457941363
A_StewartInformationServiceCorporation_Fidelity.pdf,3/19/2018,4.280642172,4.033308277,4.20366295
A_OilAndGasAssetsWithinEnerVestsSouthTexasDivision_TPGPaceEnergyHoldings.pdf,3/20/2018,3.929768212,4.19915984,4.504913993
A_Salesforce.comInc_MuleSoftInc.pdf,3/20/2018,4.324273056,3.562132828,3.749660299
A_USSilicaHoldingsInc_EPMinerals.pdf,3/23/2018,3.941279725,3.694496162,3.505106014
A_PlantronicsInc_Polycom.pdf,3/28/2018,3.3531478630000002,3.644229363,3.921784797
A_WillbrosGroupInc_PrimorisServicesCorp.pdf,3/28/2018,4.596024481000001,4.439322747,4.443802198999999
A_ConchoResourcesInc_RSPPermianInc.pdf,3/28/2018,2.894823044,3.1910130039999998,3.2699487680000003
A_pSividaCorp_IconBioscienceInc.pdf,3/29/2018,2.613828711,2.8892334969999998,2.654540416
A_WoodwardInc_LOrangeGmbH.pdf,4/9/2018,3.9273233660000004,4.159802064,4.2935189010000006
A_TennecoInc_FederalMogul.pdf,4/10/2018,3.304615692,3.5542337410000004,3.463973179
A_AnalogicCorp_AltarisCapitalPartnersLLC.pdf,4/10/2018,2.824355043,3.113645155,3.431967027
A_WilsonTherapeuticsAB_AlexionPharmaceuticalsInc.pdf,4/11/2018,4.441585443999999,3.9209616960000004,3.191931466
A_KoppersHoldingsInc_CoxIndustrial.pdf,4/11/2018,4.392966816,4.502227682,4.354672981
M_EssendantInc_Genuine PartsCoSPRichardsBusiness.pdf,4/12/2018,2.284703688,2.603704562,2.344572555
A_AmericanWaterWorksCompanyInc_PivotalHomeSolutions.pdf,4/12/2018,4.260344869,4.519357493999999,4.664894193
A_FederatedInvestorsInc_HermesFundManagersLimited.pdf,4/13/2018,4.228239199,4.492006688,3.423769455
A_ScottsMiracleGroLeadership_Sunlight.pdf,4/17/2018,4.112484574,4.124466305,3.6521417
A_Textron_EmersonElectricCo.pdf,4/18/2018,4.653554675,4.396428158,4.043692374
M_HenryScheinInc_VetsFirstChoice.pdf,4/23/2018,3.643861303,3.775171873,3.648300028
A_TrimbleInc_ViewpointInc.pdf,4/23/2018,4.547507813,4.767491679,4.250553824
M_CenterPointEnergyInc_VectrenCorp.pdf,4/24/2018,4.154130173,4.460838436,4.224891053
A_TwoHarborsInvestmentCorp_CYSInvestmentsInc.pdf,4/26/2018,5.056674695,4.660658568000001,4.684641097
A_MarriottVacationsWorldwideCorp_ILG.pdf,4/30/2018,3.276687252,3.464490613,3.727820414
A_PrologisInc_DCTIndustrialTrust.pdf,4/30/2018,4.513044135,4.677954549,4.762875767
M_StateBankFinancialCorp_CadenceBancorp.pdf,5/14/2018,4.855812473,4.85712842,4.566414486
A_MarkerTherapeuticsInc_TapImmuneInc.pdf,5/15/2018,3.662249975,3.006340027,2.621124806
A_ZoetisInc_Abaxis.pdf,5/16/2018,2.650366199,2.9247317980000003,3.234435393
A_EmersonElectricCo_Aventics.pdf,5/17/2018,4.592243025,4.42135917,4.530838472
M_GETransportation_WestinghouseAirBrakeTechnologiesCorp.pdf,5/21/2018,3.996249184,4.220806318,4.3825282880000005
A_NextEraEnergy_GulfPowerFloridaCityGasTwoNaturalGasFacilitiesSouthernCompany.pdf,5/21/2018,4.560047834,4.8825172189999995,4.504057773
A_FifthThirdBancorp_MBFinancial.pdf,5/21/2018,3.1428389930000002,3.420157447,3.68645584
A_SouthernCo_NextEraEnergy.pdf,5/21/2018,5.248771326,5.126145895,4.59823657
A_AdobeSystemsInc_MagentoCommerce.pdf,5/21/2018,4.789016662,4.593851114,4.5110133569999995
M_GuarantyBancorp_IndependentBankGroupInc.pdf,5/23/2018,3.941101616,3.898497142,4.11284233
A_A2iA_MitekSystemsInc.pdf,5/23/2018,4.138747823,4.036424071,4.011103362
A_MyriadGeneticsInc_CounsylInc.pdf,5/29/2018,3.19039159,3.426225313,3.70052572
A_PolarisIndustriesInc_BoatHoldingsLLC.pdf,5/30/2018,4.072317061000001,3.97940952,3.9891454989999997
A_MicrochipTechnologyInc_MicrosemiCorporation.pdf,5/31/2018,4.1824041030000005,4.316212361,4.347884613
A_MicrosoftCorp_GitHub.pdf,6/4/2018,4.6613508,4.868172705,4.711358347
A_FlagstarBancorpInc_WellsFargoBank.pdf,6/5/2018,3.709548405,3.56078365,3.869375537
A_FortiveCorp_Johnson&Johnson.pdf,6/6/2018,4.156498301,4.269807051,4.145457005
A_EntegrisInc_SAESPureGas.pdf,6/7/2018,4.899974697,4.380429277,4.255393405
A_TaylorMorrisonHomeCorp_AVHomesInc.pdf,6/7/2018,3.5172566780000003,3.693068691,3.8506523639999997
A_SPXCorp_CUESInc.pdf,6/8/2018,4.2654819139999995,4.1144931510000005,4.192862615
A_Artiliumplc_PareteumCorp.pdf,6/8/2018,3.352181639,3.3098122930000002,3.401997704
A_WorkdayInc_AdaptiveInsightsInc.pdf,6/11/2018,4.3522818469999995,4.24884598,3.999665357
M_AthensBancsharesCorporation_CapstarFinancialHoldingsInc.pdf,6/12/2018,5.008733718999999,5.277449923,4.346325375
A_DonegalFinancialServicesCorp_NorthwestBancsharesInc.pdf,6/12/2018,5.438332299,5.28061408,4.910902395
A_EnphaseEnergyInc_SunPowerCorp.pdf,6/12/2018,3.309067116,3.5044699689999996,3.446335481
A_EquityBancsharesInc_TheCityBankTrust Company.pdf,6/13/2018,3.9967954910000003,3.9827774910000002,4.125943813
A_RoyalCaribbeanCruisesLtd_SilverseaCruises.pdf,6/14/2018,3.6525919669999998,3.563134032,3.873710059
A_InterfaceInc_NoraSystems.pdf,6/14/2018,5.000108567,4.153200706,4.209845039
A_CoBizFinancial Inc_BOKFinancialCorp.pdf,6/18/2018,3.5515194539999997,3.835238587,3.987294832
M_WPCareyInc_CPAAÌ‚17.pdf,6/18/2018,4.584747667,4.741124512,4.6559188119999995
A_CoxOilLLC_EnergyXXIGulfCoastInc.pdf,6/18/2018,2.480652112,2.736282048,3.049739795
A_PeoplesUnitedFinancial_FirstConnecticutBancorpInc.pdf,6/19/2018,4.897965023,4.879400338,4.698724156
A_TwentyFirstCenturyFoxInc_TheWaltDisneyCo.pdf,6/20/2018,4.482743578,4.7287034960000005,4.660689073
A_BrinkGroupBV_HorizonGlobalCorporation.pdf,6/20/2018,2.892826027,3.048631385,3.0523303110000004
A_ModularSpaceCorporation_WillScotCorporation.pdf,6/22/2018,2.155021311,2.457329589,2.770525675
M_GrayTelevisionInc_Raycom.pdf,6/25/2018,2.548155749,2.761856143,3.003057608
A_BioTechneCorp_ExosomeDiagnosticsInc.pdf,6/26/2018,3.4654103210000002,3.6956394930000003,3.980709355
M_KeryxBiopharmaceuticalsInc_AkebiaTherapeutics.pdf,6/28/2018,2.36271026,2.655677946,2.92808021
A_FoothillsBancorpInc_SmartFinancialInc.pdf,6/28/2018,4.366407386000001,4.19780855,4.222622273
A_BrunswickCorp_PowerProductsGlobalMarineMobileBusiness.pdf,6/29/2018,3.8450124110000004,3.883703971,4.138492502
A_ArcherDanielsMidlandCo_Neovia.pdf,7/2/2018,4.541544676,4.710778943999999,4.758866108
A_UnitedRentalsInc_BakerCorp.pdf,7/2/2018,4.187670207,4.02463145,4.012381522
M_ConnectOneBancorpInc_GreaterHudsonBank.pdf,7/12/2018,4.48510327,4.78388451,4.407924403
M_MatlinPartnersAcquisitionCorporation_USWellServicesLLC.pdf,7/16/2018,4.031683231000001,4.3474810889999995,4.508689802
M_TidewaterInc_GulfMarkOffshoreInc.pdf,7/16/2018,4.795706003,4.673224416,4.109545747
A_PTCTherapeuticsInc_AgilisBiotherapeuticsInc.pdf,7/19/2018,3.191475165,3.081838597,3.26089516
A_SangamoTherapeuticsInc_TxCellSA.pdf,7/23/2018,3.5804223410000002,3.4989017980000003,3.290413133
A_InfineraCorp_Coriant.pdf,7/23/2018,4.4064235830000005,3.8589256410000004,3.743614622
A_FCBFinancialHoldingsInc_SynovusFinancialCorp.pdf,7/24/2018,3.053210085,3.239299065,3.520891614
A_NabrivaTherapeuticsPLC_ZavanteTherapeuticsInc.pdf,7/24/2018,2.319301659,2.473494011,2.7054056319999997
A_UnitedNaturalFoodsInc_SupervaluInc.pdf,7/26/2018,1.263985228,1.5304617740000002,1.842848051
A_Comanche_SpiritOfTexasBancsharesInc.pdf,7/25/2018,5.669243879,4.842581104,5.014499138
A_ConcentrixCorp_Synnex.pdf,6/28/2018,3.0649947739999996,3.264856963,3.563240268
A_S3Semiconductors_AdestoTechnologiesCorp.pdf,5/9/2018,3.492912837,3.6397757110000004,3.635737859
A_MTGEInvestmentCorp_AnnalyCapitalManagementInc.pdf,5/3/2018,4.171743277,4.331022379,4.536338089
A_CPIAerostructuresInc_WeldingMetallurgyInc.pdf,3/22/2018,3.178278935,3.3179153980000002,3.468677392
A_USFoodsHoldingCorp_ServicesGroupOfAmerica.pdf,7/30/2018,2.584773041,2.8462814180000002,3.123277092
M_ApricusBiosciencesInc_SeelosTherapeuticsInc.pdf,7/30/2018,2.5606833069999997,2.721709343,2.922078343
A_FortiveCorp_Accruent.pdf,7/31/2018,4.161540771,4.419182467,4.695013575
A_DocuSignInc_SpringCMInc.pdf,8/1/2018,3.333338367,3.3657186980000002,3.467644501
A_CiscoSystemsInc_DuoSecurityInc.pdf,8/2/2018,5.569654451,5.167982335,4.7194784830000005
A_AFPInc_SealedAirCorporation.pdf,8/2/2018,3.789382667,3.849877887,4.076890881000001
A_EnergyTransferEquityLP_EnergyTransferPartnersLP.pdf,8/2/2018,3.935710429,3.925215152,4.05789068
A_KosmosEnergyLtd_DeepGulfEnergy.pdf,8/6/2018,3.658444269,3.1619216960000003,3.463404616
A_EmergentBioSolutionsInc_PaxVaxInc.pdf,8/9/2018,3.686342667,3.8375691069999998,4.076826825
A_DiamondbackEnergyInc_EnergenCorp.pdf,8/15/2018,2.86755098,3.1426027160000003,3.4529229089999998
A_KMGChemicalsInc_CabotMicroelectronicsCorporation.pdf,8/15/2018,3.148540731,3.362990732,3.6207110160000004
M_FisionCorporation_ContinuityLogic.pdf,8/16/2018,3.272187665,3.5658955480000003,3.43205028
A_MalibuBoatsInc_PursuitBoats.pdf,8/22/2018,3.3870332889999997,3.586834296,3.691368642
A_HartfordFinancialServicesGroupInc_Navigators.pdf,8/22/2018,3.797575081,4.12478897,4.4254307619999995
M_EclipseResourcesCorp_BlueRidgeMountainResourcesInc.pdf,8/27/2018,3.167373233,3.261232935,3.303766902
A_EmergentBioSolutionsInc_AdaptPharmaLtd.pdf,8/28/2018,4.442192121000001,4.292593323999999,3.772788134
A_CocaColaCo_CostaLtd.pdf,8/31/2018,4.797892083,5.042111178,4.926868557
A_TransoceanLtd_OceanRig.pdf,9/4/2018,3.634241851,3.53289419,3.496710984
A_ConcretePumpingHoldingsInc_IndustreaAcquisitionCorp.pdf,9/7/2018,4.816102843,5.073920154,5.332146035
A_EngilityHoldingsInc_ScienceApplicationsInternationalCorp.pdf,9/10/2018,3.346451168,3.522655445,3.6110729310000003
A_MCBCHoldingsInc_CrestMarineLLC.pdf,9/10/2018,3.621485176,3.621087868,3.845832471
A_UnitedRentalsInc_BlueLine.pdf,9/10/2018,3.5720102519999997,3.694219349,3.813558203
A_ATRMHoldingsInc_DigiradCorporation.pdf,9/10/2018,2.921633832,2.8591693310000004,3.1414266730000002
A_ValleyHealthcareGroupNorthwestMedical_GreatElmCapitalGroupInc.pdf,9/11/2018,2.915984093,3.171994331,3.373643865
A_EvolentHealthInc_NewCenturyInvestmentLLC.pdf,9/12/2018,3.515876004,3.807807134,3.717733205
A_LaSalleHotelProperties_PebblebrookHotelTrust.pdf,9/13/2018,5.2792837530000005,4.463024958,4.319128284
A_PanavisionIncSimVideoInternationalInc_SabanCapitalAcquisitionCorp.pdf,9/14/2018,5.109016499,5.37851475,5.690591904
M_GovernmentPropertiesIncomeTrust_SelectIncomeREIT.pdf,9/17/2018,2.302595581,2.501924208,2.691109457
A_MarshMcLennanCompaniesInc_JardineLloydThompsonGroupPLC.pdf,9/18/2018,3.7162155539999997,4.04049779,4.33564308
A_ThorIndustriesInc_ErwinHymerGroup.pdf,9/18/2018,2.646119442,2.970504117,3.287635672
A_DunbarMechanicalInc_LimbachHoldingsInc.pdf,9/20/2018,2.4418884640000003,2.725312774,2.963446168
A_AdobeSystemsInc_MarketoInc.pdf,9/20/2018,4.277375167,4.4644037160000005,3.896606846
A_IndependentBankCorp_BlueHillsBancorpInc.pdf,9/21/2018,5.194524326,4.775419973,4.185917709
A_SiriusXMHoldingsInc_PandoraMediaInc.pdf,9/24/2018,3.044985586,3.350712816,3.5411639630000002
A_AlexionPharmaceuticalsInc_Syntimmune.pdf,9/26/2018,3.7416519389999996,3.7679450560000003,3.612055775
A_BrooksAutomationInc_GENEWIZGroup.pdf,9/26/2018,3.7318611460000004,3.563779699,3.53485561
A_MeritMedicalSystemsInc_CiannaMedicalInc.pdf,10/1/2018,3.528624823,3.6322740039999997,3.794557527
A_LendingTreeInc_QuoteWizardComLLC.pdf,10/5/2018,3.714366091,3.40431771,3.3329533110000003
A_ClearwaterSolutions_NuverraEnvironmentalSolutionsInc.pdf,10/8/2018,3.08312368,3.0448953999999997,3.033198024
A_AnteroMidstreamPartnersLP_AnteroMidstreamGPLP.pdf,10/9/2018,3.912353027,3.898962793,3.8039583230000003
A_LimeEnergyCo_Willdan GroupInc.pdf,10/9/2018,4.54985947,4.633425531,3.862113165
A_DesignerBrandsInc_LegendaryFootwearAndAccessoriesOrganizationCamutoGroup.pdf,10/10/2018,2.845146015,3.114356732,3.191544332
M_MBTFinancialCorporation_FirstMerchantsCorporation.pdf,10/10/2018,4.178915255,4.270902116,4.120487784
A_CincinnatiFinancialCorp_MSPUnderwritingLimited.pdf,10/12/2018,4.1606680460000005,4.176314195,3.8235559360000004
A_MagnumOilToolsInternationalLTD_NineEnergyServiceInc.pdf,10/15/2018,3.2725845139999996,3.3487949789999996,3.449357085
A_InfrastructureAndEnergyAlternativesInc_WilliamCharlesConstructionGroup.pdf,10/15/2018,4.534297875,3.90565667,3.648002327
A_AllerganSalesLLC_AclarisTherapeuticsInc.pdf,10/15/2018,3.6191189169999998,3.460708237,3.487780762
A_TwilioInc_SendGrid.pdf,10/15/2018,4.000647087,3.210470861,3.125245645
A_AndersonsInc_LansingTradeGroupLLC.pdf,10/16/2018,4.012672793,3.9924789639999996,3.38254802
M_MTechAcquisitionCorp_MJFreewayLLC.pdf,10/16/2018,5.362519675,5.477389177999999,5.658812825
A_EWScrippsCo_Triton.pdf,10/17/2018,5.039400429,3.521593802,3.705943458
A_LuminexCorp_MilliporeSigma.pdf,10/18/2018,3.959850397,3.824242077,3.1805918810000002
A_MicronTechnology_IMFlashTechnologiesLLC.pdf,10/18/2018,5.551589039,3.4715635789999997,3.3120549130000003
A_MotleyServicesLLC_KLXEnergyServicesHoldingsInc.pdf,10/22/2018,3.220792936,3.3820900839999997,3.6475194660000003
A_EnLinkMidstreamLLC_EnLinkMidstreamPartnersLP.pdf,10/22/2018,3.92217918,3.7594333769999997,3.985911091
A_NeogenomicsInc_GenoptixInc.pdf,10/23/2018,4.068169274,3.4840842710000004,3.325643953
A_FranklinResourcesInc_BenefitStreetPartnersLL.pdf,10/25/2018,3.981665537,3.9190681339999998,4.044427506
A_WholesaleIncWholesaleExpressLLC_RumbleOnInc.pdf,10/26/2018,1.904853696,1.9859947219999998,2.247708027
A_InternationalBusinessMachinesCorp_RedHatInc.pdf,10/29/2018,3.782762615,3.642241491,3.930688463
A_EWScrippsCo_CordilleraCommunications.pdf,10/29/2018,4.287620147,4.30659257,3.8745534889999997
A_MKSInstrumentsInc_ElectroScientificIndustriesInc.pdf,10/30/2018,3.71743437,3.54586148,3.5390923919999997
A_EnerSys_AlphaTechnologiesGroupInc.pdf,10/30/2018,3.95871123,4.056321453,3.707952685
A_ChesapeakeEnergyCorp_WildHorseResourceDevelopmentCorporation.pdf,10/30/2018,2.646291336,2.758543368,2.936418202
A_HibbettSportsInc_CityGear.pdf,10/30/2018,2.889699745,3.15719348,3.336282315
A_ChromatinInc_SWSeedCompany.pdf,11/1/2018,2.9769135039999997,3.259148953,3.4735405
M_NeubaseTherapeutics_OhrPharmaceutical.pdf,1/3/2019,1.1948028290000001,1.508600594,1.826200443
A_OrassureTechnologiesInc_NovosanisNVandCoreBiomeInc.pdf,1/4/2019,3.824902425,3.8111869919999997,3.882942485
A_DXCTechnologyCo_LuxoftHoldingInc.pdf,1/7/2019,4.2792911280000006,4.321138184,4.401652076
A_EliLillyandCo_LoxoOncology.pdf,1/7/2019,4.829286304,4.568424544,4.280974186
A_Fiserv_FirstDataCorporation.pdf,1/16/2019,3.544476592,3.784513235,3.8860535560000002
A_GlacierBancorpInc_FNBBancorp.pdf,1/17/2019,4.6074336989999995,4.768118943999999,4.63909975
M_BB&TCorp_SunTrustBanksInc.pdf,2/7/2019,4.119297233999999,4.137188879,4.337576422
A_ToroCorp_TheCharlesMachhineWorksInc.pdf,2/15/2019,3.553293745,3.747523329,3.967712543
M_ChemicalFinancialCorp_TCFFinancialCorp.pdf,1/28/2019,3.674242457,3.984081227,4.057737649
A_PaloAltoNetworksInc_DemistoInc.pdf,2/19/2019,4.369858535,3.4569365989999996,3.656983888
A_carrolsRestaurantGroup_221CambridgeFranchiseHoldings.pdf,2/20/2019,2.856942037,2.989076453,3.240119015
A_RoyalGoldInc_SilverStreamontheKhoemacau.pdf,2/25/2019,5.486031071,5.128112928999999,4.604241962
A_DanaherCorp_GEBiopharma.pdf,2/25/2019,3.388389558,3.516346483,3.8288700510000004
A_FednatHoldingCo_Maison.pdf,2/26/2019,4.326032187,3.8405095460000003,4.048591762
A_BiogenInc_NightstarTherapeutics.pdf,3/4/2019,4.590957083,4.065681799,2.6299149219999998
A_JuniperNetworks_MistSystems.pdf,3/4/2019,4.563145615,4.361286128,4.348189226000001
M_VenusConceptInc_RestorationRobotics.pdf,3/15/2019,2.609550526,2.823176089,2.8371395689999996
A_CenteneCorp_WellCareHealthPlansInc.pdf,3/27/2019,3.588871295,3.69211159,3.4936970830000003
A_Church&DwrightCo_Flawless.pdf,3/28/2019,4.03755401,4.306079027,4.607282587
A_2UInc_TrilogyEducationServices.pdf,4/8/2019,4.163001264,4.107960201,4.088461426
A_CatalentInc_ParagonBioservicesInc.pdf,4/15/2019,2.759976931,3.061918852,3.2980391069999997
A_GreenbrierCompanies_ARIManufacturing.pdf,4/18/2019,4.024249778,3.80174455,3.9219477819999997
A_ONSemiconductorCorporation_GlobalfoundariesInc.pdf,4/22/2019,4.091577413,3.9197123119999997,3.679859294
A_NorthernOilandGasInc_FlywheelBakkenLLC.pdf,4/23/2019,3.161199344,3.238164538,3.287948384
A_OccidentalPetroleumCorporation_AnadarkoPetroleumCorporation.pdf,4/24/2019,5.073454581,4.525455481,3.9447906460000004
A_ParkerHannifinCorp_LORDCorporation.pdf,4/29/2019,4.717361606,4.320851995,4.07316989
A_3MCo_AcelityInc.pdf,5/2/2019,4.7523980980000005,4.770579522,4.580636323
M_AmplifyEnergyCorp_MidstatesPetroleumCompany.pdf,5/6/2019,2.739577076,3.011626642,3.192526052
A_MarvellTechnologyGroupLtd_AquantiaCorp.pdf,5/6/2019,4.685464143,3.670283032,3.7621606689999996
A_AndeavorLogisticsLP_MarathonPetroleumCorp.pdf,5/8/2019,4.090348214,4.173425048,4.2190659319999995
A_ChartIndustries_HarscoAirXChangers.pdf,5/9/2019,2.365236185,2.60661116,2.910287649
A_FederalSignalCorporation_MarkRiteLinesEquipmentCompany.pdf,5/14/2019,4.404187283,4.133747233999999,4.006644761
A_AdvancedEnergy_ArtesynEmbeddedPower.pdf,5/15/2019,2.855778598,3.15288949,3.4479197860000004
A_HewlettPackardEnterprises_CrayInc.pdf,5/17/2019,3.694041704,3.8812169780000003,3.940703268
A_CraneCo_CircorInternational.pdf,5/21/2019,1.7446366480000002,1.9990684509999999,2.318858541
A_FireEye_Verodin.pdf,5/28/2019,3.578127162,3.616518076,3.9177956480000002
A_HospitalityProperties_NetLeasePortfolio.pdf,6/3/2019,4.558397562,4.631228119,4.508194554
A_NovelExternalFixationTechnology_Vilex.pdf,6/5/2019,3.55038308,3.80233316,3.585143983
M_S&TBancorp_DNBFinancialCorporation.pdf,6/6/2019,4.017582926,4.305499055,4.416408178
M_UnitedTechnologiesCorp_RaytheonCompany.pdf,6/10/2019,3.828116454,3.9562075389999998,4.094090334
A_ComstockResources_CoveyParkEnergy.pdf,6/10/2019,2.856445635,2.987864355,3.115560033
M_C&JEnergyServices_KeaneGroup.pdf,6/17/2019,3.2378341410000004,3.250536509,3.473424698
A_PfizerInc_ArrayBioPharmaInc.pdf,6/17/2019,5.792555084,4.898439315,4.7945797
M_ArchResources_PeabodyEnergyCorp.pdf,6/19/2019,3.7248308210000003,3.694578124,3.885379968
M_CaesarsEntertainment_EldoradoResorts.pdf,6/24/2019,2.8109863710000003,3.0933622869999997,3.347014555
A_ArchrockInc_EliteCompressionServiceLLC.pdf,6/24/2019,4.020296407,3.896431292,4.081853549
A_LiveRampHoldingsInc_DataPlusMathCorp.pdf,6/24/2019,3.2073069160000003,3.4511253219999998,3.573372768
A_ExtremeNetworksInc_AerohiveNetworksInc.pdf,6/26/2019,4.5464808560000005,3.820416463,4.075237676
A_QuanterixCorp_UmanDiagoniticsAB.pdf,6/26/2019,2.983456068,2.997551876,3.2045671510000004
A_AppliedMaterialsInc_KokusaiElectricCorporation.pdf,7/1/2019,4.184868857,4.211768381000001,3.860068656
A_PerformanceFoodGroupCo_ReyesHOoldingsLLC.pdf,7/1/2019,3.97969071,4.075812348,4.263928228999999
A_UGIEnergyServices_ColumbiaMidstreamGroup.pdf,7/3/2019,4.207953304,4.528324867,4.570153355
A_CiscoSystemsInc_AcaciaCommunicationsIncA_CiscoSystemsInc_AcaciaCommunicationsInc.pdf,7/9/2019,5.294035854,4.90271744,4.882158535
A_SmartGlobalHoldingsInc_ArtesynEmbeddedComputingandInforceComputing.pdf,7/9/2019,2.296083947,2.51440052,2.805053037
A_People'sUnitedFinancial_UnitedFinancialBancorp.pdf,7/15/2019,4.520912427,4.445386901,4.1098348719999995
A_EbixInc_YatraOnlineInc.pdf,7/19/2019,4.406217539,4.218842596,3.896888887
A_EnProIndustriesInc_LeanTeqCo.pdf,7/22/2019,4.646978713,3.229392399,3.304318044
A_CharlewsSchwab_USAAInvestment.pdf,7/26/2019,4.86608507,3.879309282,3.792077898
M_MylanNV_PfizerInc.pdf,7/29/2019,3.641927345,3.8473307,3.9198497260000003
A_CantelMedicalCorp_Hu-Friedy.pdf,7/30/2019,3.0267856089999996,3.299757348,3.528694018
M_SimmonsFirstNationalCorp_Landrum.pdf,7/31/2019,4.314498802,4.09195447,4.0082722760000005
M_AmplifyEnergyCorp_MidstatesPetroleum.pdf,8/6/2019,2.1800649340000002,2.48474502,2.687708116
A_3MCo_AvonRubberPLC..pdf,8/7/2019,5.411912136000001,4.007042637,4.15373413
A_BroadcomInc_SymantecCorporation.pdf,8/8/2019,4.444054565,3.84236638,3.780950143
A_AtriCureInc_SentreHEART.pdf,8/12/2019,4.529966563,3.816502696,3.8692914330000003
A_CITGroup_MutualofOmahaBank.pdf,8/13/2019,3.448773558,3.701415042,3.798581282
A_SterlingConstruction_PlateauExcavation.pdf,8/14/2019,3.2833243660000004,3.462243608,3.581700195
A_ConntectOneBancorpInc_BancorpofNewJerseyInc.pdf,8/16/2019,4.724643813999999,4.0219724260000005,3.9657736960000003
A_JacobsEngineeringGroup_JohnWoodGroupPLC.pdf,8/20/2019,4.054033513,4.190110533,4.294982429
A_SimplyGoodFoodsCompany_QuestNutrition.pdf,8/21/2019,2.983583357,3.250993194,3.5292543810000003
A_HasbroInc_EntertainmentOneLtd.pdf,8/22/2019,3.122774658,3.387091695,3.651177277
A_AMGENInc_Otezla.pdf,8/26/2019,4.338813944,4.410353098,4.25597343
M_PDCEnergy_SRCEnergy.pdf,8/26/2019,2.729419977,2.839056785,2.908860911
A_ZogenixInc_ModisTherapeutics.pdf,8/26/2019,3.189798034,3.36214288,3.4606426010000004
A_SWKHoldingsCorporation_EnterisBioPharmaInc.pdf,8/27/2019,4.1976316989999995,4.407128378,4.4476240769999995
A_Commvault_Hedvig.pdf,9/4/2019,4.169922222,3.993094637,4.067124448
A_OpGenInc_Curetis.pdf,9/4/2019,2.062598155,2.053925471,2.296401158
A_PrudentialFinancialInc_AssuranceIQInc.pdf,9/5/2019,4.52596451,4.3491613639999995,4.415660045
A_WinnebagoIndustries_NewmarCorporation.pdf,9/16/2019,4.312185951,3.6432482760000005,3.589492173
A_ReliantBancorp_TennesseeCommunityBankHoldings.pdf,9/17/2019,3.458614077,3.661445665,3.823822429
A_NextEraEnergyPartners_MeadePipelineCo.pdf,9/30/2019,4.668715841,4.462619212,4.5060386889999995
A_CoStarGroup_SmithTravelResearch.pdf,10/1/2019,4.582293324,4.011750082,4.077073118
A_UnitedStatesSteelCorporation_BigRiverSteel.pdf,10/1/2019,3.168190238,3.1781879510000004,2.985921665
A_Q2Holdings_LenderPerformanceGroupLLC.pdf,10/1/2019,3.3553775999999997,3.5538228289999996,3.557468698
A_GlacierBancorp_StateBankCorp.pdf,10/1/2019,4.419581615,4.39093138,4.355327375
A_LantheusHoldingsInc_ProgenicsPharmaceuticals.pdf,10/2/2019,2.6883021289999998,2.872008857,3.1199539639999996
A_HessMidstreamLP_HessInfastructurePartnersLP.pdf,10/4/2019,3.562840463,3.865863074,4.055682622
M_SonnetBioTherapeutics_ChanticleerHolding.pdf,10/11/2019,2.9027401889999997,2.9570241160000004,3.0886519939999997
A_ParsleyEnergy_JaggedPeakEnergy.pdf,10/14/2019,2.884178918,3.051941844,3.238444406
A_AytuBioScience_CerecorInc.pdf,10/14/2019,2.670719959,2.912097482,3.130718972
A_RedwoodTrust_CorevestAmericanFinanceLender.pdf,10/15/2019,5.119790714,4.963892566,4.763490068
A_AlexionPharmaceuticals_AchillionPharmaceuticals.pdf,10/16/2019,3.593507947,3.385932229,3.6301391560000003
A_DTEEnergy_Midstream.pdf,10/18/2019,4.497493898,4.530688204,4.652971672
A_FlushingFinancial_EmpireBancorp.pdf,10/25/2019,3.360544757,3.432409297,3.756691848
A_Prologis_LibertyProperty.pdf,10/28/2019,3.607929202,3.810475476,4.072546965
M_NorthwestBancshares_MutualFirstFinancial.pdf,10/30/2019,4.466433106,4.76858757,5.069997487
A_SmartFinancial_ProgressiveFinancial.pdf,10/30/2019,4.564749764,4.532754551,4.654465827
A_Lantronix_IntrinsycTechnologies.pdf,10/31/2019,3.4021168989999997,3.513610392,3.608343948
A_StrykerCorp_WrightMedical.pdf,11/4/2019,3.8674760860000004,4.050436095,4.211506937
M_FirstHorizonNationalCorporation_IBERIABANKCorporation.pdf,11/4/2019,3.9094663769999998,4.096859747,4.332374059
A_TaylorMorrisonHomeCorporation_WillianLyonHomes.pdf,11/6/2019,3.594576233,3.766318257,3.953980375
A_InphiCorp_eSilicon.pdf,11/11/2019,4.350282719,4.3056708089999995,4.012043544
M_RibbonCommunications_ECITelecomGroup.pdf,11/14/2019,2.311064557,2.361564474,2.661870703
M_DicernaPharmaceuticals_NovoNordisk.pdf,11/18/2019,2.6930561410000005,2.887801778,2.99456125
A_CotyInc_KingKylieLLC.pdf,11/18/2019,4.071157391,4.190195111,4.367236521000001
A_SeacostBankingCorporation_FirstBankPalmBeaches.pdf,11/20/2019,4.4648514960000005,4.746479288,4.615099642
A_PayPalHoldingsInc_HoneyScienceCorporation.pdf,11/20/2019,4.1308775319999995,4.2013619989999995,4.431803181
A_LCIIndustries_CURTGroup.pdf,11/22/2019,3.960640475,4.035155606,3.99022073
A_CharlesSchwabCorp_TDAmeritrade.pdf,11/25/2019,4.450059775,4.427198925,4.3576165410000005
U_CharlesSchwabCorp_TDAmeritrade.pdf,11/25/2019,3.4047542589999997,3.590845513,3.792827141
M_NeurocrineBiosciences_XenonPharmaceuticals.pdf,12/2/2019,4.56732297,4.475714073,4.221221288
A_HostessBrands_VoortmanCookiesLimited.pdf,12/2/2019,4.502062062,4.415183418,4.464451635
A_Tenable_Indegy.pdf,12/2/2019,4.587762507,4.445237259,4.062256486
M_ClevelandCliffs_AKSteelHolding.pdf,12/3/2019,2.785909192,3.0467204760000004,3.290288126
A_CarriageServices_FairfaxMemorialParkandFuneralHome.pdf,12/3/2019,3.664158811,3.892394002,3.8935089880000002
A_VeracyteInc_NanoStringDiagnostics.pdf,12/3/2019,2.989810725,3.24335659,3.492429303
A_IndependentBankGroup_TexasCapitalBancshares.pdf,12/9/2019,3.616001888,3.844592528,4.138614823999999
M_GoldmanSachsBDC_GoldmanSachsMiddleMarketLendingCorp.pdf,12/9/2019,5.108725141,4.08693173,4.354883463999999
M_MonocleAcquisition_AerSale.pdf,12/9/2019,4.464364429,4.678479359,4.9509137039999995
A_PGTI_NewSouthWindowSolutions.pdf,12/10/2019,5.165353313,4.775541246,4.397538072
A_TalosEnergy_GulfofMexico.pdf,12/11/2019,3.8772143810000004,3.91777428,4.109264828
A_AsburyAutomotiveGroup_ParkPlaceDealerships.pdf,12/12/2019,3.1347163239999998,3.397116347,3.704249421
A_ArcosaInc_CherryCompanies.pdf,12/12/2019,3.6627443910000004,3.7839717189999997,3.957601419
M_InternationalFlavours&Fragrances_DuPontNutritionBiosciences.pdf,12/16/2019,3.012063895,3.280722045,3.596599393
A_WPXEnergy_FelixEnergy.pdf,12/16/2019,3.406664845,3.5148436989999996,3.5422534160000003
M_OrganovoHoldings_TarvedaTherapeutics.pdf,12/16/2019,1.955041705,2.240230232,2.4176835740000002
A_LeidosHoldings_DyneticsInc.pdf,12/17/2019,4.035275359,4.188927271,4.440773206
M_ZafgenInc_ChondrialTherapeutics.pdf,12/18/2019,2.1145728999999998,2.121188605,2.18513097
M_EcolabInc_ApergyCorp.pdf,12/19/2019,4.208760992,4.500436818,4.545601525
M_KearnyFinancialCorp_MSBFinancialCorp.pdf,12/19/2019,5.4859392829999996,5.604897791,5.3538644060000005
A_CNBFinancialCorporation_BankofAkron.pdf,12/19/2019,4.861832843999999,5.1356514319999995,4.786655332
A_HelenofTroyLimited_DrybarProductsLLC.pdf,12/19/2019,3.888432784,4.005149472,3.994270873
A_F5NetworksInc_ShapeSecurity.pdf,12/19/2019,3.8087966189999998,4.142313318999999,4.396975106
M_ProvidentFinancialServicesInc_SBOneBancorp.pdf,3/12/2020,2.086139535,2.046969148,2.2471705159999997
A_CloudGenix_PaloAltoNetworks.pdf,3/31/2020,4.488455822,3.8750761,3.83408798
A_OrthoPediatricsAcquisitionofApiFix_FDA-ApprovedNon-FusionScoliosisTechnology.pdf,4/2/2020,2.686414435,2.827754586,3.032105889
A_IntelHomeGatewayPlatformDivision_MaxLinear.pdf,4/6/2020,3.207181165,3.3768008660000004,3.388104147
A_DivvyCloud_Rapid7.pdf,4/28/2020,4.811017723,3.5002671519999997,3.4998489680000002
A_CNSPortfolio_USWorldMedsSupernusPharmaceuticalsInc.pdf,4/29/2020,2.2948111890000003,2.604952105,2.9061532089999997
A_MagellanCompleteCare_MolinaHealthcare.pdf,5/1/2020,4.032169904,3.715058623,3.684906045
A_NationalFuelGasCompany_Appalachian.pdf,5/5/2020,3.55038705,3.580345977,3.7145796910000004
M_SSRMiningInc_AlacerGoldCorp.pdf,5/11/2020,3.871084062,3.05818057,3.1173665919999998
A_CoStar_Ten-X.pdf,5/14/2020,3.9902946939999997,3.58487222,3.820452325
A_SolaraMedicalSuppliesLLC_AdaptHealthCorp.pdf,5/26/2020,4.486673075,3.682628558,3.34068938
A_TrinityBenefitAdvisorsandRussBlakely&Associates_BRPGroupInc.pdf,6/2/2020,3.57431799,3.4827869789999997,3.4375760210000004
M_IttellaInternational_ForumMergerIICorp.pdf,6/12/2020,2.6582386330000003,2.512619185,2.533547562
A_AllstateCorporation_NationalGeneralHoldingsCorporation.pdf,7/8/2020,1.2534229190000001,1.5246966780000002,1.837220122
A_AllyFinancial_CarWorks.pdf,2/19/2020,2.913667923,3.2023970239999997,2.950680573
A_AMNHealthcareServices_StratusVideo.pdf,1/30/2020,4.63471633,4.742544724,3.661588178
A_AnikaTherapeutics_ParcusMedical.pdf,1/8/2020,4.37567316,4.338557624,3.8958429289999996
A_AnologDevicesInc_MaximIntegratedProductsInc.pdf,7/13/2020,3.686881777,3.89800383,3.93260497
A_AsburyAutomativeGroup_ParkPlaceDealerships.pdf,7/7/2020,2.9644216660000002,3.100489759,3.1653966939999996
A_Blucora_HKFinancial.pdf,1/7/2020,4.444933957,3.7524384810000004,3.810324468
A_BorgWarnerInc_DelphiTechnologiesPLC.pdf,1/28/2020,3.5330054910000004,3.587495526,3.71206863
A_CorntechTelecommunications_GilatSatelliteNetworks.pdf,1/29/2020,2.5083802509999997,2.7385709960000004,2.940913006
A_CoStarGroup_RentPath.pdf,2/12/2020,3.037496455,3.250004445,3.300900245
A_FidelityNational_FGLHoldings.pdf,2/7/2020,3.691224338,3.871133172,3.736925199
A_FoxFactoryHolding_SCAPerformanceHoldings.pdf,2/12/2020,2.9639010110000004,3.21852494,3.232258285
A_HarscoCorp_StericycleEnvironmentalSolutions.pdf,2/7/2020,2.564710793,2.895202037,2.727588349
A_HeartlandFinancial_AimBacsharesInc.pdf,2/12/2020,4.598513397,4.198843845,3.5490849489999996
A_ICFInternationalInc_IncentiveTechnologyGroup.pdf,1/13/2020,4.668362801000001,4.768832992,4.724029395
A_LeidosHoldings_L3HarrisTechnologies.pdf,2/4/2020,4.985520885,4.6077681639999994,4.266860842
A_NorthwestPipe_GenevaPipe.pdf,2/7/2020,4.380114806,4.423894758,3.706608415
A_NRGEnergyInc_DirectEnergy.pdf,7/24/2020,4.15922708,4.340957989,4.418928375
A_NV5Global_QuantumSpatial.pdf,1/7/2020,3.43223336,3.329900646,3.56189086
A_RayonierInc_PopeResources.pdf,1/15/2020,4.583919429,4.715086831,4.329864977
A_ScienceApplicationsInternationalCorp_UnisysFederal.pdf,2/6/2020,1.6258054130000001,1.9003624280000002,2.1543440659999997
A_SouthwesternEnergy_MontageResources.pdf,8/12/2020,3.124844622,3.2695016710000004,3.2229685710000004
A_ThermoFisherScientific_QiagenNV.pdf,3/3/2020,3.3690068710000003,3.2288403789999998,2.9016192189999996
A_Uber_PostmatesCall.pdf,7/6/2020,3.485741922,3.3018179739999995,3.479795534
A_WEXInc_eNettandOptal.pdf,1/24/2020,3.780426617,3.870471095,3.8404990139999997
M_FBFinancialCorporation_FranklinFinancialNetworkInc.pdf,1/21/2020,4.973249759,4.487511845,4.241418605
M_GenworthFinancialInc_ChinaOceanwideHoldings.pdf,7/2/2020,3.648661035,3.582843095,3.4262247710000002
M_HyliionInc_TortoiseAcquisitionCorp.pdf,6/19/2020,1.608986466,1.5799516180000002,1.699222597
M_LibertyBroadband_GCILiberty.pdf,8/6/2020,4.31179484,4.551729358,4.819978325
M_MorphoSysAG_IncyteCorporation.pdf,1/13/2020,3.6561180269999998,3.81578226,3.986731747
M_PropTechAcquisitionCorp_Porch.pdf,7/31/2020,3.736090303,3.327642656,3.443858445
M_SouthState_CenterStage.pdf,1/27/2020,3.436640792,3.415654985,3.7252061000000003
M_WESCOInternational_AnixterInternational.pdf,1/13/2020,5.6538164879999995,5.944250628,5.544511533
U_WESCOInternational_AnixterInternational.pdf,3/3/2020,3.4188368369999997,2.284107218,2.090094524
A_FranklinTempleton_LeggMason.pdf,2/18/2020,3.282867202,3.4257087060000004,3.167688829
A_SimonPropertyGroup_TaubmanCenters.pdf,2/10/2020,4.252485297,4.228826889,3.773059533
A_HubbellIncorporated_AclaraTechnologiesLLC.pdf,12/26/2017,4.553187311,4.586350318,4.501399455
A_MistrasGorupInc_WestPennNonDestructiveTestingLLC.pdf,12/22/2017,4.463642382,4.155267606000001,4.386598376
A_LifetimeBrandsInc_FilamentBrands.pdf,12/22/2017,3.7920570010000003,3.81249172,3.990294127
A_CyrusOne_ZeniumDataCenters.pdf,12/21/2017,5.766621991,4.719576183,4.386890135
M_HeritageCommerceCorp_TriValleyBank.pdf,12/21/2017,5.4643205429999995,4.866349133,4.475133053
A_CrownHoldings_Signode.pdf,12/19/2017,4.740883833,4.84400857,4.826891671
A_CampbellSoupCo_SnyderLanceInc.pdf,12/18/2017,4.650892086,4.811839508,4.526221521
A_BoydGamingCorporation_FourPinnacleEntertainment.pdf,12/18/2017,3.362571713,3.53512044,3.6661299730000003
A_TheHersheyCompany_AmplifySnackBrands.pdf,12/18/2017,5.173453464,5.417705927999999,4.757286093
A_PennNationalGaming_PinnacleEntertainment.pdf,12/18/2017,3.653236464,3.7938950160000005,4.01607765
A_WRG_PolyolefinCatalysts.pdf,12/15/2017,4.823637185,4.88954842,4.9791062980000005
A_HorizonGlobal_BrinkGroup.pdf,12/14/2017,3.49387083,3.811230248,3.7747327310000003
A_ArrisInternationalPLC_RuckusWireless&ICXSwitch.pdf,12/14/2017,3.600951247,3.582549802,3.8693090239999997
A_WaltDisneyCo_TwentyFirstCenturyFox.pdf,12/14/2017,4.518014245,4.362077671000001,4.26770034
A_Knoll_Muuto.pdf,12/13/2017,3.533859171,3.850720772,4.068600101
A_OilStatesInternational_GEODynamics.pdf,12/13/2017,4.059768982,3.7149524360000004,3.755927757
A_OasisPetroleumInc_ForgeEnergy.pdf,12/12/2017,2.716973283,2.8314324180000003,3.070833079
A_LKQCorp_Stahlgruber.pdf,12/11/2017,4.553537376,4.412646296,4.581163037
A_Xylem_PureTechnologies.pdf,12/11/2017,4.926400641,4.8187229160000005,4.953821083
A_SiliconLaboratories_SigmaDesigns.pdf,12/8/2017,5.037693656,3.94117319,4.140563288
A_FirstBancshares_SunshineFinancial.pdf,12/7/2017,3.890537905,4.1677062760000005,4.376388526
A_BillBarrettCorporation_FifthCreekEnergy.pdf,12/6/2017,2.4650620080000003,2.658158861,2.860551243
A_CraneCo_Crane&Co.pdf,12/6/2017,3.7291904419999997,4.04812838,4.157282655
A_CVSHealthCorp_Aetna.pdf,12/4/2017,3.947792475,3.9376523989999996,3.969269407
A_TTMTechnologies_Anaren.pdf,12/4/2017,5.68812825,4.594042888,4.237545647
A_FoxFactoryHolding_FlagshipInc.pdf,12/1/2017,4.437672653,4.673643329,4.275751906
A_NewResidentialInvestment_ShellpointPartnersLLC.pdf,11/29/2017,5.562635318,5.461789284,5.111196168999999
A_MeredithCorporation_TimeInc.pdf,11/27/2017,3.0873653589999996,3.3037615160000002,3.559148478
A_MarvellTechnology_Cavium.pdf,11/20/2017,3.4527018939999996,3.2545957619999997,3.5532890669999997
A_AmerisBancorp_AtlanticCoastFinancialCorporation.pdf,11/17/2017,4.209248864,4.121691641,4.076146172
M_LHCGroup_AlmostFamily.pdf,11/16/2017,4.100408586,3.6071089030000003,3.8129256689999997
A_PayPalHoldings_Syn.pdf,11/16/2017,3.543224028,3.7953082719999998,3.5462131039999996
A_SandridgeEnergy_BonanzaCreekEnergy.pdf,11/15/2017,2.789696722,2.816194836,3.1018393860000004
A_On4Communications_NewYorkDentalGroup.pdf,11/10/2017,2.36944681,2.580879795,2.659682986
A_HormelFoodsCorporation_ColumbusManufacturing.pdf,10/31/2017,4.2112957810000005,4.1108110369999995,4.2761961589999995
M_CalAtlanticGroup_LennarCorporation.pdf,10/30/2017,2.3483812509999997,2.645164949,2.942649495
M_VistraEnergy_DynergyInc.pdf,10/30/2017,3.0558926410000002,3.3629661210000004,3.601357765
M_Vaxart_AviragenTherapeutics.pdf,10/30/2017,2.694874594,2.80946234,2.907483628
M_CapellaEducation_StrayerEducation.pdf,10/30/2017,1.972802639,2.265620481,2.567172303
A_GlacierBancorp_InterMountainBancorp.pdf,10/27/2017,4.118131357,4.059678238,4.307655851
A_Hartford_Aetna.pdf,10/23/2017,3.754216889,4.086117569,4.3787079019999995
A_CiscoSystems_BroadSoft.pdf,10/23/2017,5.208896867,4.887796937,4.921742697
M_PotlatchCorp_DelticTimberCorp.pdf,10/23/2017,4.016117981,4.236901612,4.444940257
A_Assurant_TheWarrantyGroup.pdf,10/18/2017,3.497207055,3.8183506260000004,4.102593364
A_SouthJersey_SouthernCo.pdf,10/16/2017,3.054537797,3.3878362969999998,3.6551118089999997
A_Aramark_Avendra&AmeriPride.pdf,10/16/2017,5.280205985,4.931072779,4.970946512
A_CryoLife_JOTEC.pdf,10/11/2017,2.58649281,2.880171142,3.2017134339999997
A_EZCORP_PawnStores.pdf,10/9/2017,3.3831524839999996,3.7041399569999998,3.917982621
A_GuidewireSoftware_Cyence.pdf,10/6/2017,4.8878033069999995,4.591876319,4.740701828
A_LawsonProducts_TheBoltSupplyHouse.pdf,10/4/2017,4.077034142,4.268910052,4.530904719
A_ThermonGroupHoldings_CCIThermalTechnologies.pdf,10/4/2017,2.94630806,3.172520178,3.435044698
A_Carlisle_AccellaPerformanceMaterials.pdf,10/3/2017,5.017671139,4.674444448,4.681218114
A_MCBCHoldings_NautiStarLLC.pdf,10/2/2017,4.357530993999999,4.244569062,4.095540388
A_Invesco_Guggenheim.pdf,9/29/2017,4.6140287319999995,4.791333294,4.871087542
M_ArcturusTherapeutics_AlcobraLtd.pdf,9/28/2017,3.0388233380000003,3.141504882,2.817014335
A_AmericanSuperconductorCorp_InfiniaTechnologyCorporation.pdf,9/27/2017,3.0932926689999998,3.26337357,3.486065525
A_EnvestnetInc_FolioDynamix.pdf,9/25/2017,5.149954601,4.377894448,4.484268597
A_GenuinePartsCo_AllianceAutomotiveGroup.pdf,9/25/2017,3.776893687,3.9503676289999996,4.227717888
A_CIRCORInternational_ColflaxFluidHandling.pdf,9/25/2017,3.514457807,3.780410522,4.041206826
A_TheMeetGroup_Lovoo.pdf,9/20/2017,3.502768081,3.488170415,3.71962131
A_CatalentInc_CookPharmicaLLC.pdf,9/19/2017,3.8579610019999997,3.741941802,3.894739953
A_PostHoldings_BobEvansFarmsInc.pdf,9/19/2017,4.790516441,4.962487848,4.882472795
A_UltragenyxPharmaceuticals_DimensionTherpeutics.pdf,9/18/2017,3.8917319530000003,3.9773319419999997,3.66921847
U_QuidelCorp_Alere.pdf,9/18/2017,2.799581465,2.95872564,3.217233968
A_NorthropGrummanCorp_OrbitalATKInc.pdf,9/18/2017,4.385850353,4.608223191,4.773401566
A_ItronInc_SilverSpringNetworks.pdf,9/18/2017,3.754143322,3.953012375,4.236583836
A_AACHoldings_AdcareInc.pdf,9/13/2017,2.491198297,2.788385592,3.063948303
A_CenteneCorp_FidelisCare.pdf,9/12/2017,3.25102209,3.3496801830000003,3.617928885
A_CostarGroup_ForRent.pdf,9/12/2017,4.330375635,4.478950345,4.254148484
A_BungeLtd_IOICorporation.pdf,9/12/2017,3.59472476,3.900181634,4.179164042
A_CooperCosInc_TevaPharmacy.pdf,9/11/2017,4.675574812,3.9380450139999996,3.9467005669999997
A_CoeurMiningInc_JDSSilverHoldings.pdf,9/11/2017,3.700559997,3.96125709,4.157477144
A_PilgrimsPrideCorporation_MoyPark.pdf,9/11/2017,3.826060899,3.898409428,3.9830683889999996
A_TabulaRasaHealthcareInc_SinfoniaRx.pdf,9/6/2017,3.4655367710000005,3.118238817,3.325781604
A_GriffonCorporation_ClosetMaidCorporation.pdf,9/6/2017,2.5214834809999997,2.8362785130000003,3.16394142
A_HBFulllerCompany_RoyalAdhesivesandSealants.pdf,9/5/2017,4.206754287,4.385764714,4.530386137
A_NasdaqInc_eVestment.pdf,9/5/2017,4.846581612,4.874561837,4.824552153
A_UnitedTechnologiesCorp_RockwellCollinsInc.pdf,9/5/2017,3.756914384,3.804082422,4.111632331
A_Teleflex_NeoTract.pdf,9/5/2017,3.64564985,3.801205898,4.005919174
A_BlackhawkNetworkInc_CashStarInc.pdf,8/31/2017,4.6247097639999994,4.542810289,4.518093593
A_NCSMultistageHoldings_SpectrumTracerService.pdf,8/31/2017,4.148686973999999,3.7128878160000003,3.80279763
A_LittelfuseInc_IXYSCorporation.pdf,8/28/2017,3.944007436,4.183753868,4.41791289
A_GileadSciencesInc_KitePharmaInc.pdf,8/28/2017,3.71878564,3.70480191,3.854078818
A_BeaconRoofingSupply_CRHPLC.pdf,8/24/2017,2.9656527489999998,3.1876061539999996,3.395178505
A_IngevityCorp_GeorgiaPacific.pdf,8/23/2017,3.7240845339999997,3.955841866,3.978822903
A_FarmerBrothersCompany_BoydCoffeeCompany.pdf,8/22/2017,2.620573602,2.9321600489999997,3.173380673
A_UnitedRentals_NeffCorp.pdf,8/17/2017,3.72183903,3.731255042,3.770047199
A_LPLFinancia_NationalPlanningHoldings.pdf,8/16/2017,3.996926773,4.235588527,4.243259203
A_TransoceanLtd_SongaOffshore.pdf,8/15/2017,3.423269512,3.4532096689999996,3.516957202
A_VFCorporation_WilliamsonDickieMfgCo.pdf,8/14/2017,4.137761949,4.3876306739999995,4.6240545310000005
M_InvitationHomes_StarwoodWaypointHomes.pdf,8/10/2017,3.8515353180000003,3.948264843,4.1045227639999995
A_PacificPremierBancorp_PlazaBancorp.pdf,8/9/2017,4.357799441,4.268965714,4.274413345
A_WabashNationalCorp_SupremeIndustries.pdf,8/9/2017,4.068966592,3.905999243,4.066242374
A_OldNationalBancorp_AnchorBank.pdf,8/8/2017,4.750013587,4.160658856,4.4556935630000005
A_JAlexandersHoldings_99Restaurants.pdf,8/4/2017,3.603752263,3.925122575,3.9689544189999997
A_JacobsEngineeringGroup_CH2MHillCompanies.pdf,8/2/2017,5.086520594,4.09719469,4.166643728
A_EWScripps_KatzBroadcasting.pdf,8/1/2017,3.342001455,3.555402804,3.784752182
A_BankofMarinBancorp_BankofNapa.pdf,8/1/2017,4.961517935,4.973185879,4.370065942
A_InvitaeCorporation_GoodStartGeneticsandCombiMatrix.pdf,8/1/2017,3.556419485,3.1508906139999997,3.293720598
A_LaboratoryCorpofAmericaHoldings_Chiltern.pdf,7/31/2017,5.006203643,5.0426717000000005,5.1791304469999995
A_DiscoveryCommunications_ScrippsNetworks.pdf,7/31/2017,3.238031597,3.409973734,3.697812774
A_TriumphBancorp_ValleyBancorp.pdf,7/27/2017,4.24018263,4.151340787,4.283598298999999
A_HeritageFinancialCorporation_PugetSoundBancorp.pdf,7/27/2017,4.818236831,4.803074552,4.209822153999999
A_QuantaServices_StrongholdLtd.pdf,7/21/2017,4.4509924860000005,4.46381998,4.12502277
A_EmergentBioSolutions_GSK.pdf,7/19/2017,4.1623519060000005,4.360934662,4.213320635
A_HydroOne_AvistaCorporation.pdf,7/19/2017,5.120406098999999,4.783009212,3.7991480010000003
A_McCormickCo_ReckittBenckiser.pdf,7/19/2017,3.657054027,3.941586132,4.088471545
A_HEEquipmentServices_NeffCorporation.pdf,7/18/2017,4.100673648,4.054524452,3.8713316260000004
A_BGCPartners_BerkeleyPointFinancialLLC.pdf,7/18/2017,5.454689731,3.743458598,4.050107232
A_ChurchDwightCo_WaterPik.pdf,7/17/2017,4.6549311310000006,4.777578696,4.574399742
A_QuidelCorp_Alere.pdf,7/17/2017,2.287186003,2.459835021,2.644150822
A_EmergentBioSolutions_Sanofi.pdf,7/14/2017,4.302022465,4.23290446,4.410700493
A_GeneralFinance_RoyalWolfHoldings.pdf,7/13/2017,3.1531798889999996,3.268307175,3.476991499
A_ABMIndustries_GCAServices.pdf,7/12/2017,4.5662999410000005,4.591929988,4.7207155
M_GreatPlainsEnergy_WestarEnergy.pdf,7/10/2017,4.685666688,4.611867403,4.821274866
M_CincinnatiBellInc_HawaiianTelcom.pdf,7/10/2017,3.3936771560000003,3.262410163,3.548347085
A_EntellusMedical_Spirox.pdf,7/7/2017,3.4681859619999997,3.73695206,3.847088795
A_HeartlandExpress_GordonTrucking.pdf,7/7/2017,4.1249299960000005,4.307288595,4.267662437
A_CrossCountryHealthcare_AdvantageRNLLC.pdf,7/6/2017,3.5209985130000003,3.8213035189999998,4.022908874
A_OceanFirstFinancialCorp_SunBancorpInc.pdf,6/30/2017,4.343686846000001,4.602948855,4.829180783
A_MalibuBoats_CobaltBoats.pdf,6/29/2017,4.125622368999999,4.210362373,4.266090115
A_GovernmentPropertiesIncomeTrust_FirstPotomacRealtyTrust.pdf,6/28/2017,2.992352191,3.241902664,3.439263265
A_PacificEthanolInc_IllinoisCornProcessing.pdf,6/27/2017,5.011265319,5.18941596,4.261534644
A_NationalBankHoldingsCorp_PeoplesInc.pdf,6/26/2017,4.49428036,4.33406163,4.498626441
M_RepligenCorp_Spectrum.pdf,6/23/2017,2.8179340760000002,3.1537452519999998,3.454452003
A_TeladocInc_BestDoctors.pdf,6/19/2017,2.892484213,3.1220263999999998,3.394545777
A_EQTCorp_RiceEnergyInc.pdf,6/19/2017,3.210803644,3.0530603480000003,3.365063979
A_PerkinElmer_EuroimmunMedicalLaboratory.pdf,6/19/2017,3.5607346489999996,3.8058667089999996,4.071559399
A_StateBankFinancialCorp_AloStarBankofCommerce.pdf,6/15/2017,5.157981783,4.032134318,4.175456425
A_KirbyCorp_Stewart&StevensonLLC.pdf,6/13/2017,3.5259244489999997,3.598363488,3.8281568989999997
M_SouthsideBancshares_DilbollStateBancshares.pdf,6/13/2017,4.396488729,4.411493041,4.2798753419999995
M_SynapticsInc_ConexantSystems.pdf,6/12/2017,3.400153052,3.230552367,3.3792100360000004
A_GoldenEntertainment_AmericanCasino&EntertainmentProperties.pdf,6/12/2017,2.5953184240000002,2.821098765,3.10016943
A_SientraInc_MiramarLabs.pdf,6/12/2017,4.7870884380000005,3.358983213,3.481823023
M_DigitalRealtyTrust_DuPontFabrosTechnology.pdf,6/9/2017,3.951156086,4.231672948,4.229049186
A_GlacierBancorp_ColumbineCapitalCorp.pdf,6/7/2017,3.827385793,3.874210048,4.014332018999999
A_NovantaInc_WorldofMedicine.pdf,6/6/2017,3.585653771,3.5413284010000003,3.59681228
A_SynnexCorp_WestconCornstor.pdf,6/6/2017,4.253078673,4.159284083,3.8530385039999997
A_WorthingtonIndustries_Amtrol.pdf,6/5/2017,3.891732153,3.91583216,3.87815006
A_DRHortonInc_ForestarGroup.pdf,6/5/2017,4.544015544,4.533580324,4.554481883999999
A_Deere&Company_WirtgenGroup.pdf,6/1/2017,4.855661269,5.117842072,4.951753968
A_KadantInc_NIIFPGCompany.pdf,5/31/2017,2.9403258389999998,3.1827032710000003,3.379746715
A_HubGroup_EstensonLogistics.pdf,5/25/2017,3.274229431,3.5652459739999998,3.73065375
A_RayonierAdvancedMaterials.pdf,5/25/2017,3.288353274,2.986426025,3.1761714139999997
A_Bioverativ_TrueNorthTherapeutics.pdf,5/23/2017,3.5108267,3.64518633,3.68099315
A_UnionBanksharesCorp_XenithBankshares.pdf,5/22/2017,3.66356298,3.8676696789999996,3.923933569
A_BerkshireHillsBancorp_CommerceBancsharesCorp.pdf,5/22/2017,4.4989877719999996,4.281620821000001,4.359408883
A_HuntsmanCorp_Clariant.pdf,5/22/2017,4.074162436,3.9219292219999997,4.05613079
A_PixelworksInc_ViXSSystems.pdf,5/18/2017,2.944270435,3.093774532,3.2690819139999996
A_SeacoastBankingCorp_NorthStarBankingCorp.pdf,5/18/2017,4.305974839,4.273173321,4.197705958999999
M_Synlogic_MirnaTherapeutics.pdf,5/16/2017,2.191924715,2.376159201,2.649940997
A_ThermoFisherScientific_Pantheon.pdf,5/15/2017,5.321844008,5.56866721,5.399047787000001
A_MoodysCorp_BureauvanDijk.pdf,5/15/2017,4.385506595,4.615605582,4.728271296
A_Itron_PeakHoldingCorp.pdf,5/8/2017,5.253863389,4.3905208,4.597886279
A_SinclairBroadcastGroup_TribuneMediaCo.pdf,5/8/2017,3.82020384,4.0441565939999995,3.960622924
A_FederalSignalCorp_TruckBodies&EquipmentInternational.pdf,5/8/2017,3.80933283,3.742854725,4.05044263
M_CareCapitalProperties_SabraHealthCare.pdf,5/8/2017,3.4622327000000004,3.727863081,3.79446836
A_SeacostBankingCorpofFlorida_PalmBeachCommunityBank.pdf,5/5/2017,5.0744376419999995,4.480331982,3.939539605
A_FirstHorizonNationalCorp_CapitalBankFinancialCorp.pdf,5/4/2017,5.356467297,4.725049199,4.54860616
M_IAC_AngiesList.pdf,5/2/2017,2.8693617789999997,3.1041545530000003,3.342518837
A_LincolnElectricHoldings_AirLiquideWelding.pdf,4/28/2017,5.216866678,5.02020252,4.45599818
M_SouthStateCorporation_ParkSterlingCorp.pdf,4/27/2017,4.568780836,4.726533052,4.315345
A_BectonDickinson_CRBard.pdf,4/24/2017,3.7309924060000004,3.9380648810000003,4.114757896
M_RLJLodgingTrust_FelCorLodgingTrust.pdf,4/24/2017,3.391365299,3.575682356,3.690948618
A_VirtuFinancial_KCGHoldings.pdf,4/20/2017,3.0219554539999995,3.2543507739999997,3.553304492
A_CardinalHealth_MedtronicPLC.pdf,4/18/2017,2.98002867,3.238286805,3.5501466839999996
A_PostHoldings_Weetabix.pdf,4/18/2017,3.96207064,4.224610459,4.066019618
A_NuStarEnergy_NavigatorEnergyServices.pdf,4/12/2017,3.5241259539999996,3.7259145410000003,3.920037554
A_Supervalu_UnifiedGrocers.pdf,4/11/2017,3.145016993,3.441393562,3.600179068
A_FranklinElectricCo_2MCompany.pdf,4/11/2017,4.145178331,4.020901557,3.762677599
A_BioTelemetry_LifeWatchAG.pdf,4/10/2017,3.267090955,3.50479076,3.665065947
A_UnitedGroup_SouthernLight.pdf,4/10/2017,4.683517156000001,4.184157738,4.328885058
A_LibertyInteractiveCorp_GeneralCommunication.pdf,4/4/2017,2.904862215,3.0930111439999997,3.4214745630000003
A_ParatekPharameuticals_BacterialPneumonia.pdf,4/3/2017,2.260278083,2.5150603069999997,2.83124362
A_CowenGroup_ConvergexGroup.pdf,4/3/2017,3.609647377,3.936955324,3.9654604019999997
A_SucampoPharmaceuticals_VtesseInc.pdf,4/3/2017,4.042128422,3.468902693,3.6588237660000003
A_BostonScientificCorp_Symetis.pdf,3/30/2017,4.452297659,4.673762465,4.784073621
M_HomeBancshares_StonegateBank.pdf,3/27/2017,4.2067113780000005,3.938989543,4.055127392
A_SuperiorIndustries_UniwheelsAG.pdf,3/23/2017,4.317895536,4.001568105,3.936669999
A_MammothEnergy_TaylorFracStingrayEnergy.pdf,3/21/2017,3.708686193,3.868900927,3.689800926
A_Euronet_MoneyGram.pdf,3/14/2017,5.442703985,5.208648285,5.311518359
A_IntelCorp_Mobileye.pdf,3/13/2017,4.704458533,4.701559173,4.89725719
A_MaxarTechnologies_DigitalGlobeInc.pdf,2/24/2017,3.528190588,3.771599541,3.9223437430000003
A_AshfordHospitalityTrust_FelCorLodgingTrust.pdf,2/22/2017,4.29941488,4.10595995,4.219556976000001
A_IntegraLifeSciencesHoldings_CodmanNeurosurgery.pdf,2/15/2017,4.485325006,4.198870116,4.32575315
A_Hologic_Cynosure.pdf,2/14/2017,4.225894195,4.496238429,4.553668565
A_IntegratedDeviceTechnology_GigPeak.pdf,2/14/2017,4.40545813,4.200395438999999,4.288293345
A_VeecoInstruments_Ultratech.pdf,2/2/2017,3.297565945,3.414722919,3.685692752
A_EntercomCommunications_CBSCorporation.pdf,2/2/2017,2.8957874460000004,3.131356612,3.3611175189999996
A_ONEOKInc_ONEOKPartners.pdf,2/1/2017,3.826245076,4.060474891,4.239893501
A_3DSystemsCorp_VertexGlobal.pdf,1/31/2017,5.412847758,4.277674773999999,4.192969113999999
A_Keysight_Ixia.pdf,1/30/2017,4.9282200860000005,4.119005099,4.322912337
A_CiscoSystems_AppDynamics.pdf,1/25/2017,5.394023385,4.742021825,4.81520511
A_SimmonsFirstNationalCorp_FirstTexasBHC.pdf,1/24/2017,4.818908673,4.369023408,4.1460990639999995
A_AMCEntertainmentHoldings_NordicCinemaGroup.pdf,1/23/2017,5.320844823,4.734924847,4.375281056
A_PinnacleFinancialPartners_BNCBancorp.pdf,1/23/2017,3.96288359,3.841325425,3.9597511130000003
A_SilganHoldings_WestRock.pdf,1/23/2017,3.663059623,3.749091661,4.018565751000001
A_CynergisTek_Auxilio.pdf,1/17/2017,2.42199432,2.7042331089999996,2.92283137
A_NobleEnergy_ClaytonWilliamsEnergy.pdf,1/17/2017,3.47475463,3.703901128,3.865907289
A_CallawayGolf_OGIOInternational.pdf,1/12/2017,3.981364198,3.8201752989999997,3.70254008
A_IntegraLifeSciencesHoldingsCorporation_DermaSciences.pdf,1/11/2017,4.16059443,4.296240905,4.301387561
M_ColumbiaBankingSystem_PacificContinentalCorp.pdf,1/10/2017,3.911564185,3.9816910489999997,4.188408465
A_AdobeSystems_TubeMogul.pdf,1/9/2017,5.4662757420000005,5.269851303,4.806381844
A_DeluxeCorp_FirstManhattanConsulting.pdf,1/6/2017,4.085773823999999,4.265441227,4.3289100739999995
A_CastlightHealth_JiffInc.pdf,1/4/2017,2.898129738,2.519491785,2.7790144480000003
A_Delek_AlonEnergy.pdf,1/3/2017,3.479096948,3.65753738,3.9208188219999998
A_Nautilus_OctaneFitness.pdf,1/4/2016,2.738132404,2.751581713,2.881865238
A_NuVasive_EllipseTech.pdf,1/5/2016,4.007699489,4.154255871,4.121298358
A_SPSCommerce_ToolBox.pdf,1/6/2016,3.7874904330000003,3.5785872210000003,3.739926488
A_Cooper_Qingdao.pdf,1/6/2016,3.20182602,3.4977294580000002,3.50644851
A_CharlesRiver_WIL.pdf,1/7/2016,3.71091285,3.7925986139999996,3.847889537
A_Lamar_ClearChannel.pdf,1/7/2016,3.9164947469999998,3.82598136,3.819416827
A_CubicCorp_TeraLogics.pdf,1/8/2016,4.350181006000001,4.00636226,3.9865643139999998
A_MiMedx_Stability.pdf,1/11/2016,3.2342141860000004,3.34124104,3.467528143
A_AspenTech_KBCAdvancedTech.pdf,1/12/2016,3.65788857,3.808460325,3.728997045
A_OldNationalBancorp_AnchorBancorp.pdf,1/12/2016,4.093462403999999,4.23172781,3.7544342260000003
A_AcordaTherapeutics_BiotieTherapies.pdf,1/19/2016,3.536599794,3.428720943,3.601444072
A_MicrochipTech_AtrnelCorp.pdf,1/19/2016,4.134073184,4.0241052889999995,3.8980610430000002
A_BrunswickCorp_CybexInternational.pdf,1/21/2016,3.456739317,3.385497211,3.497488915
M_JohnsonControls_TycoInternational.pdf,1/25/2016,2.931831406,3.209832037,3.466814878
M_Lockheed_Leidos.pdf,1/26/2016,3.246334715,3.433099948,3.4738007239999997
A_AptarGroup_MegaAirless.pdf,1/26/2016,3.791495315,3.7689984180000002,3.914817225
A_NexstarBroadcastingGroup_MediaGeneral.pdf,1/27/2016,3.139419886,3.190895973,3.2353384469999997
A_SinclairBroadcast_TennisChannel.pdf,1/28/2016,3.75756526,3.3117599789999996,3.350544932
M_PinnacleFinancial_AvenueFinancial.pdf,1/29/2016,4.2771795280000005,4.262698099,3.8282928760000003
A_AvalancheBioTech_AnnapurnaTherapeutics.pdf,2/1/2016,2.978767525,2.754677164,2.903496655
A_StrykerCorp_SageProducts.pdf,2/1/2016,6.1247977989999995,4.469214591,4.486702518
A_AbbottLab_AlereInc.pdf,2/1/2016,4.514200656,4.555056158,4.242349701
M_AEONClinical_Authentidate.pdf,2/2/2016,2.080607671,1.9415235530000001,2.234484063
A_Zagg_Mophie.pdf,2/2/2016,2.9979161110000003,2.8843875939999997,3.0269224660000003
A_Lowe_RONA.pdf,2/3/2016,3.691340699,3.6329810019999997,3.724299409
A_CISCO_Jasper.pdf,2/3/2016,4.030708998,3.3528558889999998,3.620686533
A_MeritMedical_CryoLife.pdf,2/4/2016,4.069352991000001,4.102313623,3.660101422
A_Fortis_ITCHoldings.pdf,2/9/2016,3.159048872,3.2366136880000003,3.5028183260000003
A_Stryker_Physio-Control.pdf,2/16/2016,4.868009028,4.657613492,4.6680333030000005
A_Sysco_BrakesGroup.pdf,2/22/2016,3.732035877,3.9135156980000003,4.216635043999999
A_ResMed_Brightree.pdf,2/22/2016,4.616151033,4.634560918,4.427669948999999
A_MKSIntruments_NewportCorp.pdf,2/23/2016,3.6242494260000004,3.880102485,4.0926431480000005
A_LKQCorp_PittsburghGlassWorks.pdf,2/29/2016,3.937669291,4.179301223,4.302075126
A_HelenofTroy_HydroFlask.pdf,2/29/2016,6.2962017,4.241406644,4.3178780130000005
A_AlbanyInternational_HarrisCorp.pdf,2/29/2016,5.043045117,4.5445166,4.1800233669999995
A_AMCEntertainment_CarmikeCinemas.pdf,3/4/2016,3.480784073,3.61711596,3.775921512
A_SYKESEnterprises_ClearLinkHoldings.pdf,3/7/2016,3.672568055,3.9591284289999997,4.067414497
A_AgilentTech_Lasergen.pdf,3/7/2016,4.2122044789999995,3.9516942139999998,4.133765576
A_Nasdaq_InternationalSecuritiesExchange.pdf,3/10/2016,4.930536361000001,4.492529702,4.354198422
A_Team_FurmaniteCorp.pdf,3/10/2016,3.199669511,3.411052965,3.5933773739999997
A_SSCTech_Citi.pdf,3/14/2016,4.508441319,4.642843678,4.4674137069999995
A_FleetCorTech_ServicosTech.pdf,3/15/2016,4.4340501539999995,4.43700511,4.467880293
A_Coherent_ROFINSINARTech.pdf,3/16/2016,4.333299135,4.33621883,4.222453421
A_CowenGroup_CRTCapitalGroup.pdf,3/22/2016,3.084903316,3.18388703,3.2657209760000003
A_SunCommunities_CarefreeCommunities.pdf,3/22/2016,4.304762124,4.320263123,4.428134636
A_MercurySystems_MicroSemi.pdf,3/23/2016,2.781619292,2.945433209,3.174060145
A_IronMountain_RecallHoldings.pdf,4/1/2016,4.258295717,4.287175135,4.3039358210000005
A_AlaskaAir_VirginAmerica.pdf,4/4/2016,4.022108878,3.919027738,3.994687265
M_MicrochipTech_FlashIPSolutions.pdf,4/4/2016,4.815016785,4.643403803,4.651940784
M_WestfieldFinancial_ChicopeeBancorp.pdf,4/5/2016,3.178988195,3.4176230160000003,3.690111808
A_MTSSystems_PCBGroup.pdf,4/6/2016,2.8979205739999996,3.12705554,3.388268446
A_Hanesbrands_ChampionEurope.pdf,4/7/2016,3.965666525,4.121636748,3.862979008
A_EWScrippsCo_Cracked.pdf,4/12/2016,4.00575327,4.10736835,3.9347068139999997
M_SyntaPharmaceuticals_MadrigalPharmaceuticals.pdf,4/14/2016,1.087624034,1.418065422,1.719889175
A_MitelNetworks_Polycom.pdf,4/15/2016,3.2738016589999996,3.300769055,3.563092297
A_CareDX_AllenexAB.pdf,4/19/2016,3.6674156910000004,3.27114321,3.32476231
A_GlacierBancorp_TreasureStateBank.pdf,4/21/2016,4.902656174,4.664251838999999,4.47497866
A_BoydGaming_AlianteCasino.pdf,4/21/2016,3.729420747,3.593205406,3.768422292
A_Laclede_MobileGas&WillmutGas.pdf,4/26/2016,5.766946827000001,4.5471944230000005,4.375368147
A_AbbottLabs_StJudeMedical.pdf,4/28/2016,3.49846835,3.637046597,3.852767389
M_FirstCashFinancial_CashAmericaInternational.pdf,4/28/2016,3.54292966,3.616820148,3.865429447
A_Hanesbrands_PacificBrandsLimited.pdf,4/28/2016,3.4134210030000003,3.6716612060000005,3.855031727
A_NorthwestBancs_FirstNiagara.pdf,4/29/2016,4.176582472,4.403491228,4.2727520960000005
A_InternationalPaper_Weyerhaeuser.pdf,5/2/2016,4.4043707,4.277315423,4.311441707
A_InvestorsBancorp_BankofPrinceton.pdf,5/4/2016,5.61411495,5.047448413,4.456328996
A_LuminexCorp_Nanosphere.pdf,5/16/2016,3.856388005,3.85492782,4.08389371
A_RangeResources_MemorialResourceDevelopment.pdf,5/16/2016,2.8615954610000003,3.1182236060000004,3.351928773
A_NICESystems_inContact.pdf,5/18/2016,3.504522674,3.7435716360000004,4.020209324
A_SovranSelfStorage_LifeStorage.pdf,5/19/2016,3.271309613,3.5797819489999996,3.8747262239999998
A_SimmonsFirstNationalCorp_CitizensNationalBancorp.pdf,5/19/2016,4.329318722,4.498525508,4.536509579
A_AresCapitalCorp_AmericanCapital.pdf,5/23/2016,4.347617454,4.595192111999999,4.718455242
A_KBR_Wyle.pdf,5/23/2016,4.103853293,4.015645431,3.9377777139999997
A_EnergizerHoldings_HandStandsHolding.pdf,5/24/2016,3.599352475,3.897735712,4.062635307
A_FedExCorp_TNTExpress.pdf,5/25/2016,5.443982231000001,5.545237287000001,4.941345373
M_Biodel_Albireo.pdf,5/25/2016,1.8742261080000002,2.211781817,2.540876859
A_ThermoFisher_FEICompany.pdf,5/27/2016,5.506276569,5.288926264,4.802479553
A_GreatPlainsEnergy_WestarEnergy.pdf,5/31/2016,3.749477779,3.696195603,4.009159416
A_MyriadGeneticLab_SividonDiagonistics.pdf,5/31/2016,3.8179057189999996,3.994220457,3.602997805
A_Salesforce_Demandware.pdf,6/1/2016,5.487272862999999,5.2358979439999995,4.927149271
M_3DIcon_Coretec.pdf,6/1/2016,0.08042324099999999,0.381836942,0.694886705
A_Rambus_Semtech.pdf,6/6/2016,6.179976947999999,4.830608457,4.103461051
A_ZimmerBiometHoldings_LDRHolding.pdf,6/7/2016,4.8827815889999995,5.02073202,4.346032767
A_AnteroResources_MarcellusCore.pdf,6/10/2016,3.5219125119999997,3.607397717,3.6503319910000003
A_WestlakeChemicalCorp_AxiallCorp.pdf,6/10/2016,3.707015815,3.9903327510000004,3.5973064189999997
A_Microsoft_LinkedIn.pdf,6/13/2016,4.250813157,4.3057376839999995,4.009068866000001
A_BroadridgeFiancial_DSTSystems.pdf,6/14/2016,4.332474144,4.578164003,4.181481935
A_OMAssetManagement_LandmarkPartners.pdf,6/14/2016,4.279567083,4.296929031,3.7254150580000003
A_ParPacificHoldings_HermesConsolidated.pdf,6/14/2016,2.93032015,3.223365103,3.336426582
A_Cavium_QLogic.pdf,6/15/2016,2.486481235,2.75339439,2.9329538569999998
A_DouglasDynamics_DejanaTruckUtility.pdf,6/16/2016,4.241320172,3.84697322,3.9641154160000003
M_SouthStateCorp_SoutheasternBank.pdf,6/17/2016,4.377579537,3.7829939319999997,3.975148743
A_MarathonOilCorp_PayRockEnergyHoldings.pdf,6/20/2016,3.135064785,2.904296195,3.064146819
A_UnitiGroup_TowerCloud.pdf,6/20/2016,4.560098922,3.387874458,3.656145838
A_OSISystems_AmericanScience.pdf,6/21/2016,3.0565395,3.334010325,3.567358618
A_TeslaMotors_SolarCity.pdf,6/22/2016,3.0084127869999997,3.157703713,3.449874067
A_PeoplesUnitedFinancial_SuffolkBancorp.pdf,6/27/2016,3.121969932,3.434266716,3.726467216
A_BerkshireHillsBancorp_FirstChoiceBank.pdf,6/27/2016,4.244410661,4.194636439,4.41363705
A_MeetMe_Skout.pdf,6/28/2016,3.047805828,3.25793885,3.214347319
A_FirstMidwestBancorp_StandardBancshares.pdf,6/29/2016,3.434751518,3.7766597930000003,3.98638594
A_Rambus_InphiCorp.pdf,6/30/2016,3.7816073739999996,3.94196686,4.092292232
A_CenterraGold_ThompsonCreek.pdf,7/5/2016,3.765401062,4.039151499,4.220189722
A_MeriMedical_DFINE.pdf,7/6/2016,3.976693468,4.1538954310000005,4.035988473
A_CathayGeneral_SinoPac.pdf,7/8/2016,3.987951382,4.070398218,4.1977435430000005
A_ADS_Texel.pdf,7/8/2016,3.3445053510000005,3.566300778,3.7883312510000002
A_KinderMorgan_SouthernNaturalGas.pdf,7/11/2016,5.070532651000001,4.373939363,3.6822001089999996
A_AMCEntertainment_OdeanUICCinema.pdf,7/12/2016,3.510264393,3.643844969,3.725643515
M_OceanFirstFinancial_OceanShareHolding.pdf,7/13/2016,4.2849818630000005,4.472991363999999,4.710065025
M_EquityBancshares_CommunityFirstBancshares.pdf,7/14/2016,3.6929287310000003,3.962194587,4.158126453
A_MatsonLogistics_SpanAlaskaTransportation.pdf,7/18/2016,3.714800069,3.8416509160000003,3.916222957
A_USSilicaHoldings_NBRSand.pdf,7/19/2016,3.9048874739999997,3.406742734,3.331460917
A_HydraIndustries_InspiredGamingGroup.pdf,7/19/2016,7.039548541,6.372203002999999,4.471680313
A_MasterCard_VocaLinkHoldings.pdf,7/21/2016,4.71684771,4.527498059,4.784767163
A_SilverRunAcquisition_CentennialResourceProduction.pdf,7/22/2016,4.219146715,4.242290402,4.0942517789999995
A_G3ApparelGroup_DonnaKaranInternational.pdf,7/25/2016,2.7629171489999997,2.928609045,3.0790897680000002
A_ETradeFinancial_ApertureNewHoldings.pdf,7/25/2016,4.168572443,4.239858056,4.23275823
U_AMCEntertainment_CarmikeCinemas.pdf,7/25/2016,4.265944191,4.125672332,4.188328458
M_LogMeIn_Citrix.pdf,7/26/2016,2.571802994,2.6983770110000003,2.966761205
A_AnalogDevices_LinearTech.pdf,7/26/2016,4.120446983,4.174798806,4.433202385
A_NextEraEnergy_EnergyFutureHoldings.pdf,7/29/2016,5.292809421,5.184972159,4.81849277
A_TeslaMotors_SolarCityCorp.pdf,8/1/2016,4.156127701,4.274571116000001,4.544230043
A_MyriadGenetic_AssurexHealth.pdf,8/3/2016,4.1609900280000005,2.164230462,2.4875358569999997
A_VailResortsInvestment_WhistlerBlackcombHoldings.pdf,8/8/2016,3.231507012,3.465908368,3.7659655080000003
A_KBR_HoneywellTech.pdf,8/12/2016,4.807269345,4.526310839,4.60259767
A_Xylem_Sensus.pdf,8/15/2016,4.105260407,4.341489235,4.574029883
A_CintasCorp_GKServices.pdf,8/16/2016,3.6699995889999997,3.959078147,4.238484066
A_Emerson_Pentair.pdf,8/18/2016,4.012014184,4.331717073,4.326975828
A_HorizonGlobal_Westfalia.pdf,8/25/2016,2.694252342,2.8254395310000002,3.015841284
A_BerryPlastics_AEPIndustries.pdf,8/25/2016,3.807976724,4.067207523,4.05901492
A_DanaherCorp_Cepheid.pdf,9/6/2016,4.600347346,4.363976813,4.490035229
M_Enbridge_SpectraEnergy.pdf,9/6/2016,3.4851799619999997,3.528580335,3.809409093
A_GeneralElectric_ArcamABSLMSolutions.pdf,9/6/2016,4.405011424,4.303384874,4.46725681
A_ModineManufacturing_LuvataHeatTransferSolutions.pdf,9/7/2016,3.688586818,3.82330359,3.92783968
A_LibertyMedia_FormulaOne.pdf,9/7/2016,3.821692837,2.9590531380000002,3.170604337
A_HPInc_Samsung.pdf,9/12/2016,3.831972682,4.022213964,4.255142622
A_HorizonPharma_RaptorPharma.pdf,9/12/2016,3.2983478660000003,3.404198445,3.4686594910000004
A_ExtremeNetworks_ZebraTech.pdf,9/14/2016,3.076158988,3.2711217269999997,3.5150787980000002
A_TechData_Avnet.pdf,9/19/2016,2.400184846,2.59552679,2.896116928
A_EldoradoResorts_IsleofCapri.pdf,9/19/2016,2.203925911,2.091324724,2.4257353530000003
A_ONSemiconductorCorp_FairchildSemiConductor.pdf,9/19/2016,5.059156749,4.149301734,4.246568118
A_ElevenBiotherapeutics_ViventiaBio.pdf,9/21/2016,2.9038127069999997,3.013039378,2.836656956
A_TractorSupply_PetsenseLLC.pdf,9/29/2016,5.443347135,4.786359331,4.2118130030000005
A_Winnebago_GrandDesignRecreationalVehicles.pdf,10/3/2016,2.265103026,2.501263778,2.818418103
A_FirstCommonwealthFinancial_DCBFinancial.pdf,10/3/2016,3.961840207,4.2273560660000005,4.420286719
A_GreenPlains_FleischmannVinegar.pdf,10/3/2016,3.786047757,3.779646405,4.017152787
A_HoustonWireCable_VertexCorporateHoldings.pdf,10/5/2016,4.94132817,4.818009778,4.242210333
A_AlliquaBioMedical_SolubleSystemsLLC.pdf,10/6/2016,3.279064745,3.3363607,3.4480728839999997
A_ICUMedical_Pfizer.pdf,10/6/2016,2.776335628,2.968925144,3.231460143
A_StanleyBlackDecker_NewellBrands.pdf,10/12/2016,4.264372703,4.528362319,4.5987357939999995
A_CIRCORInternational_CriticalFlowSolutions.pdf,10/13/2016,3.927023986,3.866678223,3.99572672
A_RSPPermian_SilverHillEnergyPartners.pdf,10/14/2016,4.804109539,4.203218008,4.128882439
A_EatonVanceCorp_CalvertInvestmentManagement.pdf,10/21/2016,4.606007845,4.612808532,4.063989296
A_ChinaOceanwideHoldings_GenworthFinancial.pdf,10/24/2016,3.857080073,3.139296663,3.268971456
A_QualcommIncorporated_NXPSemiconductors.pdf,10/27/2016,3.978804123,4.051604331,4.215185421
M_GeneralElectric_BakerHughes.pdf,10/31/2016,5.686949459,4.355950888,4.468692006
A_SunCokeEnergyInc_SunCokeEnergyPartners.pdf,10/31/2016,3.220991904,3.137650215,3.1286533939999996
M_SignalGenetics_MiragenTherapeutics.pdf,11/1/2016,1.332278609,1.10527385,1.327202183
A_CelldexTherapeutics_KolltanPharma.pdf,11/1/2016,2.8302346289999996,2.7233752730000003,2.727389132
A_BroadcomLimited_BrocadeCommunications.pdf,11/2/2016,4.306768591,3.995583177,4.054635291
A_InsightEnterprises_DatalinkCorporation.pdf,11/7/2016,4.2119208189999995,3.83739948,3.983744743
A_Coherent_ROFIN-SINARTech.pdf,11/9/2016,4.035535337,4.2463323310000005,4.090737317
A_Belden_DigiInternational.pdf,11/11/2016,4.769255053,4.48041593,4.508456599
M_RegencyCenters_EquityOne.pdf,11/15/2016,3.921364255,4.08561949,4.263950645
A_GlacierBancorp_TFBBancorp.pdf,11/16/2016,4.606503375,4.188586814,4.240575819
A_CohuInc_KitaManufaccturing.pdf,11/16/2016,4.196461201,4.162656612,4.110264566000001
A_LendingTree_IronHorseHoldings.pdf,11/17/2016,3.92100013,3.3492825930000003,3.469317935
A_TesoroCorp_WesternRefining.pdf,11/17/2016,3.647815752,3.8145377999999996,3.7671977689999996
A_TurningPointBrands_SmokeFreeTech.pdf,11/18/2016,3.0352921960000003,3.201007515,3.264129521
A_SimmonsFirstNational_HardemanCountyInvestment.pdf,11/18/2016,4.284828682,4.415301218,4.167689059
A_MACOMTechSolutions_AppliedMicroCircuits.pdf,11/21/2016,3.3895349739999996,3.3025154210000003,3.334298936
A_SunocoLogisticsPartners_EnergyTransferPartners.pdf,11/21/2016,3.4081170689999998,3.288057948,3.4602729119999998
A_DrPepperSnapple_BaiBrands.pdf,11/22/2016,4.565773203,4.11153763,4.210022905
A_IndependentBankGroup_CarlileBancshares.pdf,11/22/2016,4.565773203,4.11153763,4.210022905
A_AllstateCorporation_SquareTrade.pdf,11/29/2016,4.102337048,4.33773107,4.573914741
A_LydallInc_MGFGutsche.pdf,11/30/2016,5.213525153,4.95551012,4.369655701
A_Parker-HannifinCorp_CLARCOR.pdf,12/1/2016,4.132001283,4.156309782,4.364627324
A_WestinghouseAirBrakeTech_FaiveleyTransport.pdf,12/1/2016,4.680892944,4.218046534,4.18825577
A_TeleflexIncorporated_VascularSolutions.pdf,12/2/2016,3.99205503,4.097949655,4.340751988
A_InformationServicesGroup_AlsbridgeHoldings.pdf,12/2/2016,3.148517555,3.214786379,3.3793083360000002
A_ZiffDavis_EverydayHealth.pdf,12/5/2016,4.15968326,4.127889981,4.130539294
A_GoDaddy_HostEuropeGroup.pdf,12/6/2016,3.8700297889999997,3.9073329589999997,4.169035222
A_Equinix_VerizonCommunications.pdf,12/6/2016,4.176742611,3.9897752019999997,4.214172647
A_RoperTech_Deltek.pdf,12/6/2016,5.183130661,4.820959177,4.830545572
A_Konecranes_STAHLCraneSystems.pdf,12/7/2016,3.403211526,3.68956384,3.801154701
A_ModelN_Revitas.pdf,12/12/2016,3.143040875,3.237906766,3.3725212769999997
A_PacificPremierBancorp_HeritageOaksBancorp.pdf,12/13/2016,4.663704673,4.506273633,4.475602161
M_SeventySevenEnergy_PattersonUTIEnergy.pdf,12/13/2016,3.485459472,3.751242522,3.8684187789999998
A_SpartanMotors_SmealFireApparatus.pdf,12/14/2016,3.590681998,3.8494322860000003,3.9289385360000004
A_CallonPetroleum_Ameredev.pdf,12/14/2016,3.651334915,3.8970165660000005,3.969137213
A_MatrixService_HoustonInterests.pdf,12/14/2016,4.735843757,4.766575992,4.362692428
A_TheMosiacCompany_ValeFertilizantes.pdf,12/19/2016,3.3694677889999998,3.535759638,3.741638216
A_AMCEntertainmentHoldings_CarmikeCinemas.pdf,12/20/2016,4.3596248,4.012953466,4.0401501930000006
A_PrestigeBrandsHoldings_CBFleetCompany.pdf,12/23/2016,3.7178064760000002,3.991818131,4.155027617
M_EnterpriseFinancialServicesCorp_TrinityCapitalCorp.pdf,11/2/2018,4.34107365,4.317120576000001,4.256290588
A_MarcusCorpTheatres_MovieTavernCircuit.pdf,11/2/2018,3.9811767,4.155470511,4.098157235
A_DatawatchCorporation_AltairEngineeringInc.pdf,11/5/2018,2.326647532,2.644755955,2.866012847
A_HubGroupInc_CaseStackInc.pdf,11/5/2018,4.04717786,3.8500975630000003,3.816658565
A_InvestmentTechnologyGroupInc_VirtuFinancialInc.pdf,11/7/2018,3.71077724,3.7933961189999996,3.956949392
A_LeggettPlattInc_EliteComfortSolutions.pdf,11/7/2018,4.335039373,4.437617058,4.485472645
A_InuvoInc_ConversionPoint.pdf,11/7/2018,3.6125177839999996,3.088162833,3.3522663660000003
A_ARRISInternationalPlc_CommScope.pdf,11/8/2018,3.1074546560000003,3.368494956,3.681731306
A_WesternGasPartnersLP_Anadarko.pdf,11/8/2018,4.007826997,3.812160045,3.8469569960000003
A_IIVIInc_Finisar.pdf,11/9/2018,2.2352825519999997,2.478346754,2.728137279
A_AvenueTherapeuticsInc_InvaGenPharmaceuticalsInc.pdf,11/13/2018,3.417415858,3.041795739,3.098235789
A_HollyFrontierCorp_Sonneborn.pdf,11/13/2018,3.6815574489999996,3.5922638630000003,3.5035712739999996
A_SVBFinancialGroup_LeerinkHoldingsLLC.pdf,11/13/2018,3.7892091939999997,3.822607202,3.3376892089999997
A_ProPetroHoldingCorp_PioneerNaturalResourcesCo.pdf,11/14/2018,4.530055001,3.496788608,3.3781559260000003
M_SimmonsFirstNationalCorp_RelianceBancsharesInc.pdf,11/14/2018,4.216024351000001,4.318303724,3.82918118
A_SabreCorp_Farelogix.pdf,11/14/2018,4.498090895,4.1000788219999995,3.977833305
A_AtlanticCapitalBank_FBFinancialCorporation.pdf,11/15/2018,4.500277278,4.598850136,4.028091166
A_BarnesGroupInc_GimaticSRL.pdf,11/15/2018,3.8834479280000003,4.102672307,3.7583167339999997
A_ADACarbonSolutionsLLC_AdvancedEmissionsSolutionsInc.pdf,11/16/2018,4.199693278,3.692299278,3.860373028
A_DJOGlobalInc_ColfaxCorp.pdf,11/19/2018,2.63742122,2.87971727,3.1303331830000003
A_CimarexEnergyCo_DelawarePurePlayResolute.pdf,11/19/2018,3.629617374,3.6110828089999996,3.4845397339999997
A_BostonScientificCorp_BTGPLC.pdf,11/20/2018,3.927082776,3.942441878,3.76614085
A_CowenInc_QuartonInternational.pdf,11/20/2018,3.6740914030000003,3.687181018,3.534030133
M_ArsanisInc_X4PharmaceuticalsInc.pdf,11/27/2018,-0.11081872400000001,0.151824945,0.464288635
A_ForresterResearchInc_SiriusDecisionsInc.pdf,11/27/2018,3.3667300119999997,3.291808858,3.584117364
A_MTSSystemsCorp_E2MTechnologiesBV.pdf,11/27/2018,3.073514124,3.246119091,3.496096386
A_FirstBeevilleFinancialCorporation_SpiritOfTexasBancsharesInc.pdf,11/28/2018,3.449828389,3.618374428,3.667248307
A_CallawayGolfCo_JackWolfskin.pdf,11/30/2018,3.077286025,3.3142327139999996,3.452503495
A_TribuneMediaCompany_NexstarMediaGroupInc.pdf,12/3/2018,3.2531772539999997,3.445447165,3.3369264569999997
A_LandecCorp_YucatanFoodsLP.pdf,12/3/2018,3.977702561,4.1272983739999995,3.811337845
M_MorindaHoldingsInc_NewAgeBeveragesCorporation.pdf,12/4/2018,2.745882429,2.78913483,2.437941388
A_GPStrategiesCorporation_TechnicalTrainingInc.pdf,12/6/2018,3.6214387269999997,3.542243605,3.560358387
A_TivityHealthInc_NutrisystemInc.pdf,12/10/2018,1.972519818,2.269762849,2.561843454
A_IngevityCorp_PerstorpHoldingAB.pdf,12/10/2018,2.835752165,3.1397536510000004,3.3066581289999997
A_KadantInc_SyntronMaterialHandlingLLC.pdf,12/10/2018,3.6312633639999996,3.763041863,3.779045192
A_HoraceMannEducatorsCorp_NationalTeachersAssociatesLifeInsuranceCompany.pdf,12/10/2018,4.276932239,4.031515245,3.981555083
A_BerkshireHillsBancorpInc_SIFinancialGroupInc.pdf,12/12/2018,3.9058333380000003,4.021973254,3.841704702
A_WaitrHoldingsInc_BiteSquad.pdf,12/12/2018,4.00604948,3.448407353,3.2875061860000003
A_AMAGPharmaceuticalsInc_PerospherePharmaceuticalsInc.pdf,12/13/2018,4.767720466,4.0109249469999995,3.5465074289999996
A_ConmedCorp_BuffaloFilterLLC.pdf,12/13/2018,3.9449735660000003,4.06292056,3.5546784660000004
A_MistrasGroupInc_OnstreamPipelineInspection.pdf,12/14/2018,3.652277031,3.536665953,3.7496202530000002
A_AlbemarleCorp_MineralResourcesLtd.pdf,12/17/2018,3.7404461110000002,3.528668872,3.4862801
M_AmerisBancorp_FidelitySouthernCorp.pdf,12/17/2018,3.1805734510000003,3.290825849,3.470248921
A_AflacInc_JapanPostHoldingsCoLtd.pdf,12/19/2018,5.118448208,3.930694192,4.133917284
A_SPSCommerceInc_CovalentWorks.pdf,12/19/2018,3.9031686239999996,3.626919783,3.681864656
A_GreifInc_CaraustarIndustriesInc.pdf,12/20/2018,2.510505889,2.6570072540000003,2.921348487
A_ZyngaInc_SmallGiantGames.pdf,12/20/2018,3.508664731,3.841812097,3.9617485560000003
A_ArrisInternationalPLC_RuckusWireless&ICXSwitch.pdf,12/14/2017,3.600951247,3.582549802,3.8693090239999997
A_CraneCo_Crane&Co.pdf,12/6/2017,3.7291904419999997,4.04812838,4.157282655
A_GoldenEntertainment_AmericanCasino&EntertainmentProperties.pdf,6/12/2017,2.5953184240000002,2.821098765,3.10016943
A_Deere&Company_WirtgenGroup.pdf,6/1/2017,4.855661269,5.117842072,4.951753968
